2026-04-15 08:33:42,866 [INFO] main: >>> 模拟模式启动 — 获取真实行情但不下单 <<<
2026-04-15 08:33:42,867 [INFO] main: ── 第 1 轮 | 08:33:42 UTC ──
2026-04-15 08:33:43,059 [INFO] strategy: 信号: HOLD | 强度: 0.111 | 价格: 73996.1 | ATR: 419.9 | 无明显信号
2026-04-15 08:33:43,060 [INFO] main: 等待 900s 到下一根K线...
2026-04-15 08:34:41,467 [INFO] main: 收到终止信号，正在安全退出...
2026-04-15 08:34:42,070 [INFO] main: 程序已安全退出
2026-04-15 08:36:47,932 [INFO] main: >>> ⚠️  实盘模式启动 — 将进行真实交易 <<<
2026-04-15 08:36:47,933 [WARNING] main: 当前连接 OKX 真实环境！请确认资金充足！
2026-04-15 08:36:47,933 [INFO] trader: === 初始化交易环境 ===
2026-04-15 08:36:48,113 [INFO] trader: 账户模式设置: 
2026-04-15 08:36:48,175 [INFO] trader: 设置 margin_2x 杠杆 2x: 
2026-04-15 08:36:48,229 [INFO] trader: 设置 margin_3x 杠杆 3x: 
2026-04-15 08:36:48,281 [ERROR] okx_client: API 错误: Invalid Sign (code=50113)
2026-04-15 08:36:48,281 [INFO] trader: === 初始化完成 ===
2026-04-15 08:36:48,281 [INFO] main: ── 第 1 轮 | 08:36:48 UTC ──
2026-04-15 08:36:48,356 [INFO] strategy: 信号: HOLD | 强度: 0.099 | 价格: 74112.8 | ATR: 186.3 | 无明显信号
2026-04-15 08:36:48,357 [INFO] main: 等待 900s 到下一根K线...
2026-04-15 08:37:23,779 [INFO] main: >>> ⚠️  实盘模式启动 — 将进行真实交易 <<<
2026-04-15 08:37:23,780 [WARNING] main: 当前连接 OKX 真实环境！请确认资金充足！
2026-04-15 08:37:23,780 [INFO] trader: === 初始化交易环境 ===
2026-04-15 08:37:23,937 [INFO] trader: 账户模式设置: 
2026-04-15 08:37:23,997 [INFO] trader: 设置 margin_2x 杠杆 2x: 
2026-04-15 08:37:24,053 [INFO] trader: 设置 margin_3x 杠杆 3x: 
2026-04-15 08:37:24,103 [ERROR] okx_client: API 错误: Invalid Sign (code=50113)
2026-04-15 08:37:24,104 [INFO] trader: === 初始化完成 ===
2026-04-15 08:37:24,104 [INFO] main: ── 第 1 轮 | 08:37:24 UTC ──
2026-04-15 08:37:24,183 [INFO] strategy: 信号: HOLD | 强度: 0.098 | 价格: 74120.0 | ATR: 186.3 | 无明显信号
2026-04-15 08:37:24,184 [INFO] main: 等待 900s 到下一根K线...
2026-04-15 08:38:05,422 [INFO] main: 收到终止信号，正在安全退出...
2026-04-15 08:38:06,378 [INFO] main: 程序已安全退出
2026-04-15 08:38:12,794 [INFO] main: 收到终止信号，正在安全退出...
2026-04-15 08:38:13,205 [INFO] main: 程序已安全退出
2026-04-15 08:46:48,298 [ERROR] okx_client: API 错误: Invalid Sign (code=50113)
2026-04-15 08:47:49,551 [INFO] main: >>> ⚠️  实盘模式启动 — 将进行真实交易 <<<
2026-04-15 08:47:49,551 [WARNING] main: 当前连接 OKX 真实环境！请确认资金充足！
2026-04-15 08:47:49,551 [INFO] trader: === 初始化交易环境 ===
2026-04-15 08:47:49,700 [INFO] trader: 账户模式设置: 
2026-04-15 08:47:49,757 [INFO] trader: 设置 margin_2x 杠杆 2x: 
2026-04-15 08:47:49,808 [INFO] trader: 设置 margin_3x 杠杆 3x: 
2026-04-15 08:47:49,858 [ERROR] okx_client: API 错误: Invalid Sign (code=50113)
2026-04-15 08:47:49,859 [INFO] trader: === 初始化完成 ===
2026-04-15 08:47:49,859 [INFO] main: ── 第 1 轮 | 08:47:49 UTC ──
2026-04-15 08:47:49,935 [INFO] strategy: 信号: HOLD | 强度: 0.074 | 价格: 74062.7 | ATR: 170.3 | 无明显信号
2026-04-15 08:47:49,935 [INFO] main: 等待 900s 到下一根K线...
2026-04-15 08:48:59,030 [INFO] main: >>> ⚠️  实盘模式启动 — 将进行真实交易 <<<
2026-04-15 08:48:59,031 [WARNING] main: 当前连接 OKX 真实环境！请确认资金充足！
2026-04-15 08:48:59,031 [INFO] trader: === 初始化交易环境 ===
2026-04-15 08:48:59,182 [INFO] trader: 账户模式设置: 
2026-04-15 08:48:59,739 [INFO] trader: 设置 margin_2x 杠杆 2x: 
2026-04-15 08:49:00,298 [INFO] trader: 设置 margin_3x 杠杆 3x: 
2026-04-15 08:49:00,352 [ERROR] okx_client: API 错误: Invalid Sign (code=50113)
2026-04-15 08:49:00,353 [INFO] trader: === 初始化完成 ===
2026-04-15 08:49:00,353 [INFO] main: ── 第 1 轮 | 08:49:00 UTC ──
2026-04-15 08:49:00,436 [INFO] strategy: 信号: HOLD | 强度: 0.076 | 价格: 74050.0 | ATR: 170.3 | 无明显信号
2026-04-15 08:49:00,436 [INFO] main: 等待 900s 到下一根K线...
2026-04-15 08:51:06,417 [INFO] main: >>> ⚠️  实盘模式启动 — 将进行真实交易 <<<
2026-04-15 08:51:06,418 [WARNING] main: 当前连接 OKX 真实环境！请确认资金充足！
2026-04-15 08:51:06,418 [INFO] trader: === 初始化交易环境 ===
2026-04-15 08:51:06,623 [INFO] trader: 账户模式设置: 
2026-04-15 08:51:07,179 [INFO] trader: 设置 margin_2x 杠杆 2x: 
2026-04-15 08:51:07,738 [INFO] trader: 设置 margin_3x 杠杆 3x: 
2026-04-15 08:51:07,797 [ERROR] okx_client: API 错误: Invalid Sign (code=50113)
2026-04-15 08:51:07,797 [INFO] trader: === 初始化完成 ===
2026-04-15 08:51:07,798 [INFO] main: ── 第 1 轮 | 08:51:07 UTC ──
2026-04-15 08:51:07,874 [INFO] strategy: 信号: HOLD | 强度: 0.076 | 价格: 74052.0 | ATR: 170.3 | 无明显信号
2026-04-15 08:51:07,874 [INFO] main: 等待 900s 到下一根K线...
2026-04-15 08:53:28,485 [INFO] main: >>> ⚠️  实盘模式启动 — 将进行真实交易 <<<
2026-04-15 08:53:28,486 [WARNING] main: 当前连接 OKX 真实环境！请确认资金充足！
2026-04-15 08:53:28,486 [INFO] trader: === 初始化交易环境 ===
2026-04-15 08:53:28,629 [INFO] trader: 账户模式设置: 
2026-04-15 08:53:29,185 [INFO] trader: 设置 margin_2x 杠杆 2x: 
2026-04-15 08:53:29,737 [INFO] trader: 设置 margin_3x 杠杆 3x: 
2026-04-15 08:53:29,782 [ERROR] okx_client: API 错误: Invalid Sign (code=50113)
2026-04-15 08:53:29,782 [INFO] trader: === 初始化完成 ===
2026-04-15 08:53:29,782 [INFO] main: ── 第 1 轮 | 08:53:29 UTC ──
2026-04-15 08:53:29,854 [INFO] strategy: 信号: HOLD | 强度: 0.063 | 价格: 74162.7 | ATR: 179.2 | 无明显信号
2026-04-15 08:53:29,855 [INFO] main: 等待 900s 到下一根K线...
2026-04-15 08:59:30,758 [INFO] main: >>> ⚠️  实盘模式启动 — 将进行真实交易 <<<
2026-04-15 08:59:30,759 [WARNING] main: 当前连接 OKX 真实环境！请确认资金充足！
2026-04-15 08:59:30,759 [INFO] trader: === 初始化交易环境 ===
2026-04-15 08:59:30,898 [INFO] trader: 账户模式设置: 
2026-04-15 08:59:31,451 [INFO] trader: 设置 margin_2x 杠杆 2x: 
2026-04-15 08:59:32,008 [INFO] trader: 设置 margin_3x 杠杆 3x: 
2026-04-15 08:59:32,057 [INFO] trader: USDT 可用余额: 102.08153941828414
2026-04-15 08:59:32,057 [INFO] trader: === 初始化完成 ===
2026-04-15 08:59:32,057 [INFO] main: ── 第 1 轮 | 08:59:32 UTC ──
2026-04-15 08:59:32,128 [INFO] strategy: 信号: HOLD | 强度: 0.073 | 价格: 74120.2 | ATR: 180.8 | 量比=1.2
2026-04-15 08:59:32,129 [INFO] main: 等待 900s 到下一根K线...
2026-04-15 09:14:32,353 [INFO] main: ── 第 2 轮 | 09:14:32 UTC ──
2026-04-15 09:14:32,498 [INFO] strategy: 信号: HOLD | 强度: 0.056 | 价格: 74045.6 | ATR: 186.7 | 量比=1.2
2026-04-15 09:14:32,499 [INFO] main: 等待 900s 到下一根K线...
2026-04-15 09:29:32,780 [INFO] main: ── 第 3 轮 | 09:29:32 UTC ──
2026-04-15 09:29:32,935 [INFO] strategy: 信号: HOLD | 强度: 0.050 | 价格: 73967.1 | ATR: 184.2 | 无明显信号
2026-04-15 09:29:32,935 [INFO] main: 等待 900s 到下一根K线...
2026-04-15 09:44:33,173 [INFO] main: ── 第 4 轮 | 09:44:33 UTC ──
2026-04-15 09:44:33,337 [INFO] strategy: 信号: HOLD | 强度: 0.046 | 价格: 73977.0 | ATR: 171.7 | 无明显信号
2026-04-15 09:44:33,338 [INFO] main: 等待 900s 到下一根K线...
2026-04-15 09:59:33,584 [INFO] main: ── 第 5 轮 | 09:59:33 UTC ──
2026-04-15 09:59:33,735 [INFO] strategy: 信号: HOLD | 强度: 0.036 | 价格: 74020.5 | ATR: 162.8 | 无明显信号
2026-04-15 09:59:33,736 [INFO] main: 等待 900s 到下一根K线...
2026-04-15 10:14:33,949 [INFO] main: ── 第 6 轮 | 10:14:33 UTC ──
2026-04-15 10:14:34,099 [INFO] strategy: 信号: HOLD | 强度: 0.190 | 价格: 74110.1 | ATR: 167.8 | BB%=0.80(-0.60)
2026-04-15 10:14:34,099 [INFO] main: 等待 900s 到下一根K线...
2026-04-15 10:29:34,326 [INFO] main: ── 第 7 轮 | 10:29:34 UTC ──
2026-04-15 10:29:34,480 [INFO] strategy: 信号: HOLD | 强度: 0.029 | 价格: 73900.1 | ATR: 176.7 | 无明显信号
2026-04-15 10:29:34,481 [INFO] main: 等待 900s 到下一根K线...
2026-04-15 10:44:34,712 [INFO] main: ── 第 8 轮 | 10:44:34 UTC ──
2026-04-15 10:44:34,864 [INFO] strategy: 信号: HOLD | 强度: 0.030 | 价格: 73986.3 | ATR: 179.0 | 量比=2.0
2026-04-15 10:44:34,864 [INFO] main: 等待 900s 到下一根K线...
2026-04-15 10:59:35,067 [INFO] main: ── 第 9 轮 | 10:59:35 UTC ──
2026-04-15 10:59:35,223 [INFO] strategy: 信号: HOLD | 强度: 0.036 | 价格: 73835.2 | ATR: 217.6 | 无明显信号
2026-04-15 10:59:35,223 [INFO] main: 等待 900s 到下一根K线...
2026-04-15 11:14:35,418 [INFO] main: ── 第 10 轮 | 11:14:35 UTC ──
2026-04-15 11:14:35,564 [INFO] strategy: 信号: HOLD | 强度: 0.022 | 价格: 74038.8 | ATR: 219.9 | 无明显信号
2026-04-15 11:14:35,565 [INFO] main: 等待 900s 到下一根K线...
2026-04-15 11:29:35,810 [INFO] main: ── 第 11 轮 | 11:29:35 UTC ──
2026-04-15 11:29:36,032 [INFO] strategy: 信号: HOLD | 强度: 0.020 | 价格: 73990.0 | ATR: 205.1 | 无明显信号
2026-04-15 11:29:36,033 [INFO] main: 等待 900s 到下一根K线...
2026-04-15 11:44:36,245 [INFO] main: ── 第 12 轮 | 11:44:36 UTC ──
2026-04-15 11:44:36,421 [INFO] strategy: 信号: HOLD | 强度: 0.014 | 价格: 74040.6 | ATR: 194.5 | 无明显信号
2026-04-15 11:44:36,421 [INFO] main: 等待 900s 到下一根K线...
2026-04-15 11:59:36,641 [INFO] main: ── 第 13 轮 | 11:59:36 UTC ──
2026-04-15 11:59:36,816 [INFO] strategy: 信号: HOLD | 强度: 0.114 | 价格: 74199.9 | ATR: 198.5 | EMA金叉(+1.00) | BB%=0.90(-1.00)
2026-04-15 11:59:36,816 [INFO] main: 等待 900s 到下一根K线...
2026-04-15 12:14:37,013 [INFO] main: ── 第 14 轮 | 12:14:37 UTC ──
2026-04-15 12:14:37,156 [INFO] strategy: 信号: HOLD | 强度: 0.256 | 价格: 74185.6 | ATR: 196.8 | RSI=55.2(-0.40) | BB%=0.84(-0.60)
2026-04-15 12:14:37,157 [INFO] main: 等待 900s 到下一根K线...
2026-04-15 12:29:37,345 [INFO] main: ── 第 15 轮 | 12:29:37 UTC ──
2026-04-15 12:29:37,499 [INFO] strategy: 信号: HOLD | 强度: 0.131 | 价格: 74171.3 | ATR: 190.2 | BB%=0.78(-0.60)
2026-04-15 12:29:37,499 [INFO] main: 等待 900s 到下一根K线...
2026-04-15 12:44:37,682 [INFO] main: ── 第 16 轮 | 12:44:37 UTC ──
2026-04-15 12:44:37,832 [INFO] strategy: 信号: HOLD | 强度: 0.220 | 价格: 74326.4 | ATR: 202.6 | BB%=1.03(-1.00)
2026-04-15 12:44:37,833 [INFO] main: 等待 900s 到下一根K线...
2026-04-15 12:59:38,056 [INFO] main: ── 第 17 轮 | 12:59:38 UTC ──
2026-04-15 12:59:38,257 [INFO] strategy: 信号: HOLD | 强度: 0.321 | 价格: 74291.8 | ATR: 186.7 | RSI=58.0(-0.40) | BB%=0.93(-1.00)
2026-04-15 12:59:38,257 [INFO] main: 等待 900s 到下一根K线...
2026-04-15 13:14:38,553 [INFO] main: ── 第 18 轮 | 13:14:38 UTC ──
2026-04-15 13:14:38,717 [INFO] strategy: 信号: HOLD | 强度: 0.198 | 价格: 74319.3 | ATR: 187.3 | BB%=0.94(-1.00)
2026-04-15 13:14:38,717 [INFO] main: 等待 900s 到下一根K线...
2026-04-15 13:29:38,926 [INFO] main: ── 第 19 轮 | 13:29:38 UTC ──
2026-04-15 13:29:39,084 [INFO] strategy: 信号: HOLD | 强度: 0.183 | 价格: 74398.0 | ATR: 187.3 | BB%=0.99(-1.00)
2026-04-15 13:29:39,084 [INFO] main: 等待 900s 到下一根K线...
2026-04-15 13:44:39,310 [INFO] main: ── 第 20 轮 | 13:44:39 UTC ──
2026-04-15 13:44:39,461 [INFO] strategy: 信号: HOLD | 强度: 0.265 | 价格: 73891.9 | ATR: 235.3 | BB%=0.17(+0.60) | 量比=2.1
2026-04-15 13:44:39,462 [INFO] main: 等待 900s 到下一根K线...
2026-04-15 13:59:39,665 [INFO] main: ── 第 21 轮 | 13:59:39 UTC ──
2026-04-15 13:59:39,827 [INFO] strategy: 信号: HOLD | 强度: 0.035 | 价格: 74073.1 | ATR: 249.2 | 无明显信号
2026-04-15 13:59:39,828 [INFO] main: 等待 900s 到下一根K线...
2026-04-15 14:14:40,064 [INFO] main: ── 第 22 轮 | 14:14:40 UTC ──
2026-04-15 14:14:40,251 [INFO] strategy: 信号: HOLD | 强度: 0.019 | 价格: 74050.5 | ATR: 249.1 | 无明显信号
2026-04-15 14:14:40,252 [INFO] main: 等待 900s 到下一根K线...
2026-04-15 14:29:40,522 [INFO] main: ── 第 23 轮 | 14:29:40 UTC ──
2026-04-15 14:29:40,677 [INFO] strategy: 信号: HOLD | 强度: 0.268 | 价格: 74409.7 | ATR: 278.3 | BB%=0.93(-1.00) | 量比=2.1
2026-04-15 14:29:40,677 [INFO] main: 等待 900s 到下一根K线...
2026-04-15 14:44:40,909 [INFO] main: ── 第 24 轮 | 14:44:40 UTC ──
2026-04-15 14:44:41,063 [INFO] strategy: 信号: HOLD | 强度: 0.210 | 价格: 73925.4 | ATR: 315.5 | BB%=0.22(+0.60) | 量比=1.4
2026-04-15 14:44:41,064 [INFO] main: 等待 900s 到下一根K线...
2026-04-15 14:59:41,257 [INFO] main: ── 第 25 轮 | 14:59:41 UTC ──
2026-04-15 14:59:41,426 [INFO] strategy: 信号: HOLD | 强度: 0.024 | 价格: 74142.3 | ATR: 313.9 | 无明显信号
2026-04-15 14:59:41,427 [INFO] main: 等待 900s 到下一根K线...
2026-04-15 15:14:41,680 [INFO] main: ── 第 26 轮 | 15:14:41 UTC ──
2026-04-15 15:14:41,834 [INFO] strategy: 信号: HOLD | 强度: 0.027 | 价格: 74175.6 | ATR: 307.9 | 量比=1.4
2026-04-15 15:14:41,835 [INFO] main: 等待 900s 到下一根K线...
2026-04-15 15:29:42,079 [INFO] main: ── 第 27 轮 | 15:29:42 UTC ──
2026-04-15 15:29:42,227 [INFO] strategy: 信号: HOLD | 强度: 0.014 | 价格: 74009.6 | ATR: 316.9 | 无明显信号
2026-04-15 15:29:42,227 [INFO] main: 等待 900s 到下一根K线...
2026-04-15 15:44:42,440 [INFO] main: ── 第 28 轮 | 15:44:42 UTC ──
2026-04-15 15:44:42,588 [INFO] strategy: 信号: HOLD | 强度: 0.135 | 价格: 73873.1 | ATR: 333.9 | EMA死叉(-1.00) | BB%=0.13(+1.00) | 量比=2.4
2026-04-15 15:44:42,589 [INFO] main: 等待 900s 到下一根K线...
2026-04-15 15:59:42,771 [INFO] main: ── 第 29 轮 | 15:59:42 UTC ──
2026-04-15 15:59:42,911 [INFO] strategy: 信号: HOLD | 强度: 0.239 | 价格: 73847.8 | ATR: 325.2 | BB%=0.10(+1.00)
2026-04-15 15:59:42,911 [INFO] main: 等待 900s 到下一根K线...
2026-04-15 16:14:43,165 [INFO] main: ── 第 30 轮 | 16:14:43 UTC ──
2026-04-15 16:14:43,322 [INFO] strategy: 信号: HOLD | 强度: 0.048 | 价格: 73991.8 | ATR: 317.1 | 无明显信号
2026-04-15 16:14:43,322 [INFO] main: 等待 900s 到下一根K线...
2026-04-15 16:29:43,508 [INFO] main: ── 第 31 轮 | 16:29:43 UTC ──
2026-04-15 16:29:43,654 [INFO] strategy: 信号: HOLD | 强度: 0.034 | 价格: 74100.2 | ATR: 301.1 | 无明显信号
2026-04-15 16:29:43,655 [INFO] main: 等待 900s 到下一根K线...
2026-04-15 16:44:43,900 [INFO] main: ── 第 32 轮 | 16:44:43 UTC ──
2026-04-15 16:44:44,145 [INFO] strategy: 信号: HOLD | 强度: 0.138 | 价格: 73943.0 | ATR: 300.3 | BB%=0.24(+0.60) | 量比=1.1
2026-04-15 16:44:44,145 [INFO] main: 等待 900s 到下一根K线...
2026-04-15 16:59:44,338 [INFO] main: ── 第 33 轮 | 16:59:44 UTC ──
2026-04-15 16:59:44,502 [INFO] strategy: 信号: HOLD | 强度: 0.127 | 价格: 73934.8 | ATR: 289.5 | BB%=0.26(+0.60) | 量比=1.3
2026-04-15 16:59:44,503 [INFO] main: 等待 900s 到下一根K线...
2026-04-15 17:14:44,688 [INFO] main: ── 第 34 轮 | 17:14:44 UTC ──
2026-04-15 17:14:44,830 [INFO] strategy: 信号: HOLD | 强度: 0.044 | 价格: 74035.3 | ATR: 277.6 | 无明显信号
2026-04-15 17:14:44,830 [INFO] main: 等待 900s 到下一根K线...
2026-04-15 17:29:45,018 [INFO] main: ── 第 35 轮 | 17:29:45 UTC ──
2026-04-15 17:29:45,161 [INFO] strategy: 信号: HOLD | 强度: 0.027 | 价格: 74117.0 | ATR: 279.3 | 无明显信号
2026-04-15 17:29:45,162 [INFO] main: 等待 900s 到下一根K线...
2026-04-15 17:44:45,350 [INFO] main: ── 第 36 轮 | 17:44:45 UTC ──
2026-04-15 17:44:45,511 [INFO] strategy: 信号: HOLD | 强度: 0.032 | 价格: 73970.7 | ATR: 279.3 | 无明显信号
2026-04-15 17:44:45,512 [INFO] main: 等待 900s 到下一根K线...
2026-04-15 17:59:45,715 [INFO] main: ── 第 37 轮 | 17:59:45 UTC ──
2026-04-15 17:59:45,876 [INFO] strategy: 信号: HOLD | 强度: 0.016 | 价格: 74121.7 | ATR: 272.5 | 无明显信号
2026-04-15 17:59:45,877 [INFO] main: 等待 900s 到下一根K线...
2026-04-15 18:14:46,118 [INFO] main: ── 第 38 轮 | 18:14:46 UTC ──
2026-04-15 18:14:46,273 [INFO] strategy: 信号: HOLD | 强度: 0.228 | 价格: 74281.1 | ATR: 269.0 | EMA金叉(+1.00) | BB%=0.80(-0.60)
2026-04-15 18:14:46,273 [INFO] main: 等待 900s 到下一根K线...
2026-04-15 18:29:46,447 [INFO] main: ── 第 39 轮 | 18:29:46 UTC ──
2026-04-15 18:29:46,593 [INFO] strategy: 信号: HOLD | 强度: 0.145 | 价格: 74198.4 | ATR: 257.7 | BB%=0.71(-0.60)
2026-04-15 18:29:46,594 [INFO] main: 等待 900s 到下一根K线...
2026-04-15 18:44:46,756 [INFO] main: ── 第 40 轮 | 18:44:46 UTC ──
2026-04-15 18:44:46,898 [INFO] strategy: 信号: HOLD | 强度: 0.125 | 价格: 74305.1 | ATR: 243.2 | BB%=0.84(-0.60)
2026-04-15 18:44:46,898 [INFO] main: 等待 900s 到下一根K线...
2026-04-15 18:59:47,116 [INFO] main: ── 第 41 轮 | 18:59:47 UTC ──
2026-04-15 18:59:47,265 [INFO] strategy: 信号: HOLD | 强度: 0.214 | 价格: 74397.9 | ATR: 226.9 | BB%=0.92(-1.00)
2026-04-15 18:59:47,266 [INFO] main: 等待 900s 到下一根K线...
2026-04-15 19:14:47,476 [INFO] main: ── 第 42 轮 | 19:14:47 UTC ──
2026-04-15 19:14:47,628 [INFO] strategy: 信号: HOLD | 强度: 0.181 | 价格: 74651.1 | ATR: 242.8 | BB%=1.12(-1.00) | 量比=1.4
2026-04-15 19:14:47,628 [INFO] main: 等待 900s 到下一根K线...
2026-04-15 19:29:47,811 [INFO] main: ── 第 43 轮 | 19:29:47 UTC ──
2026-04-15 19:29:47,950 [INFO] strategy: 信号: HOLD | 强度: 0.128 | 价格: 74727.1 | ATR: 232.1 | EMA金叉(+0.39) | BB%=1.10(-1.00)
2026-04-15 19:29:47,950 [INFO] main: 等待 900s 到下一根K线...
2026-04-15 19:44:48,196 [INFO] main: ── 第 44 轮 | 19:44:48 UTC ──
2026-04-15 19:44:48,344 [INFO] strategy: 信号: HOLD | 强度: 0.074 | 价格: 75062.4 | ATR: 276.1 | EMA金叉(+0.56) | BB%=1.19(-1.00) | 量比=2.8
2026-04-15 19:44:48,345 [INFO] main: 等待 900s 到下一根K线...
2026-04-15 19:59:48,545 [INFO] main: ── 第 45 轮 | 19:59:48 UTC ──
2026-04-15 19:59:48,685 [INFO] strategy: 信号: HOLD | 强度: 0.163 | 价格: 75018.9 | ATR: 265.9 | EMA金叉(+0.66) | RSI=68.8(-0.40) | BB%=1.04(-1.00) | 量比=1.7
2026-04-15 19:59:48,685 [INFO] main: 等待 900s 到下一根K线...
2026-04-15 20:14:48,960 [INFO] main: ── 第 46 轮 | 20:14:48 UTC ──
2026-04-15 20:14:49,101 [INFO] strategy: 信号: HOLD | 强度: 0.046 | 价格: 74668.5 | ATR: 287.8 | EMA金叉(+0.61) | RSI=57.9(-0.40) | BB%=0.77(-0.60) | 量比=1.3
2026-04-15 20:14:49,102 [INFO] main: 等待 900s 到下一根K线...
2026-04-15 20:29:49,299 [INFO] main: ── 第 47 轮 | 20:29:49 UTC ──
2026-04-15 20:29:49,424 [INFO] strategy: 信号: HOLD | 强度: 0.066 | 价格: 74761.1 | ATR: 284.7 | EMA金叉(+0.59) | BB%=0.80(-0.60)
2026-04-15 20:29:49,424 [INFO] main: 等待 900s 到下一根K线...
2026-04-15 20:44:49,629 [INFO] main: ── 第 48 轮 | 20:44:49 UTC ──
2026-04-15 20:44:49,778 [INFO] strategy: 信号: HOLD | 强度: 0.058 | 价格: 74750.8 | ATR: 287.0 | EMA金叉(+0.57) | RSI=59.4(-0.40) | BB%=0.77(-0.60)
2026-04-15 20:44:49,778 [INFO] main: 等待 900s 到下一根K线...
2026-04-15 20:59:50,033 [INFO] main: ── 第 49 轮 | 20:59:50 UTC ──
2026-04-15 20:59:50,182 [INFO] strategy: 信号: HOLD | 强度: 0.054 | 价格: 74835.1 | ATR: 268.0 | EMA金叉(+0.56) | BB%=0.79(-0.60)
2026-04-15 20:59:50,182 [INFO] main: 等待 900s 到下一根K线...
2026-04-15 21:14:50,371 [INFO] main: ── 第 50 轮 | 21:14:50 UTC ──
2026-04-15 21:14:50,504 [INFO] strategy: 信号: HOLD | 强度: 0.093 | 价格: 74721.5 | ATR: 251.3 | EMA金叉(+0.52) | RSI=57.5(-0.40)
2026-04-15 21:14:50,505 [INFO] main: 等待 900s 到下一根K线...
2026-04-15 21:29:50,697 [INFO] main: ── 第 51 轮 | 21:29:50 UTC ──
2026-04-15 21:29:50,822 [INFO] strategy: 信号: HOLD | 强度: 0.179 | 价格: 74633.4 | ATR: 234.7 | EMA金叉(+0.45)
2026-04-15 21:29:50,822 [INFO] main: 等待 900s 到下一根K线...
2026-04-15 21:44:51,054 [INFO] main: ── 第 52 轮 | 21:44:51 UTC ──
2026-04-15 21:44:51,203 [INFO] strategy: 信号: HOLD | 强度: 0.182 | 价格: 74743.3 | ATR: 239.3 | EMA金叉(+0.42) | 量比=1.2
2026-04-15 21:44:51,203 [INFO] main: 等待 900s 到下一根K线...
2026-04-15 21:59:51,413 [INFO] main: ── 第 53 轮 | 21:59:51 UTC ──
2026-04-15 21:59:51,565 [INFO] strategy: 信号: HOLD | 强度: 0.156 | 价格: 74741.9 | ATR: 224.0 | EMA金叉(+0.39)
2026-04-15 21:59:51,566 [INFO] main: 等待 900s 到下一根K线...
2026-04-15 22:14:51,770 [INFO] main: ── 第 54 轮 | 22:14:51 UTC ──
2026-04-15 22:14:51,918 [INFO] strategy: 信号: HOLD | 强度: 0.111 | 价格: 75049.5 | ATR: 250.3 | EMA金叉(+0.46) | BB%=0.86(-1.00) | 量比=1.1
2026-04-15 22:14:51,918 [INFO] main: 等待 900s 到下一根K线...
2026-04-15 22:29:52,103 [INFO] main: ── 第 55 轮 | 22:29:52 UTC ──
2026-04-15 22:29:52,242 [INFO] strategy: 信号: HOLD | 强度: 0.095 | 价格: 74999.2 | ATR: 238.1 | EMA金叉(+0.48) | RSI=62.8(-0.40) | BB%=0.79(-0.60)
2026-04-15 22:29:52,243 [INFO] main: 等待 900s 到下一根K线...
2026-04-15 22:44:52,416 [INFO] main: ── 第 56 轮 | 22:44:52 UTC ──
2026-04-15 22:44:52,567 [INFO] strategy: 信号: HOLD | 强度: 0.034 | 价格: 75066.6 | ATR: 275.8 | EMA金叉(+0.50) | BB%=0.83(-0.60) | 量比=1.7
2026-04-15 22:44:52,567 [INFO] main: 等待 900s 到下一根K线...
2026-04-15 22:59:52,752 [INFO] main: ── 第 57 轮 | 22:59:52 UTC ──
2026-04-15 22:59:52,901 [INFO] strategy: 信号: HOLD | 强度: 0.093 | 价格: 74962.5 | ATR: 277.9 | EMA金叉(+0.48) | RSI=60.4(-0.40) | BB%=0.73(-0.60)
2026-04-15 22:59:52,902 [INFO] main: 等待 900s 到下一根K线...
2026-04-15 23:14:53,103 [INFO] main: ── 第 58 轮 | 23:14:53 UTC ──
2026-04-15 23:14:53,261 [INFO] strategy: 信号: HOLD | 强度: 0.158 | 价格: 74742.7 | ATR: 275.6 | EMA金叉(+0.40)
2026-04-15 23:14:53,261 [INFO] main: 等待 900s 到下一根K线...
2026-04-15 23:29:53,426 [INFO] main: ── 第 59 轮 | 23:29:53 UTC ──
2026-04-15 23:29:53,576 [INFO] strategy: 信号: HOLD | 强度: 0.131 | 价格: 74738.5 | ATR: 254.1 | EMA金叉(+0.33)
2026-04-15 23:29:53,577 [INFO] main: 等待 900s 到下一根K线...
2026-04-15 23:44:53,735 [INFO] main: ── 第 60 轮 | 23:44:53 UTC ──
2026-04-15 23:44:53,874 [INFO] strategy: 信号: HOLD | 强度: 0.106 | 价格: 74654.2 | ATR: 242.6 | 量比=1.2
2026-04-15 23:44:53,875 [INFO] main: 等待 900s 到下一根K线...
2026-04-15 23:59:54,056 [INFO] main: ── 第 61 轮 | 23:59:54 UTC ──
2026-04-15 23:59:54,215 [INFO] strategy: 信号: HOLD | 强度: 0.088 | 价格: 74790.8 | ATR: 237.3 | 无明显信号
2026-04-15 23:59:54,215 [INFO] main: 等待 900s 到下一根K线...
2026-04-16 00:14:54,484 [INFO] risk_manager: 日结: PnL=+0.0000 | 净值=100.00 | 交易次数=0
2026-04-16 00:14:54,485 [INFO] main: ── 第 62 轮 | 00:14:54 UTC ──
2026-04-16 00:14:54,634 [INFO] strategy: 信号: HOLD | 强度: 0.236 | 价格: 74646.6 | ATR: 236.0 | BB%=0.22(+0.60)
2026-04-16 00:14:54,634 [INFO] main: 等待 900s 到下一根K线...
2026-04-16 00:29:54,863 [INFO] main: ── 第 63 轮 | 00:29:54 UTC ──
2026-04-16 00:29:55,001 [INFO] strategy: 信号: HOLD | 强度: 0.221 | 价格: 74590.8 | ATR: 232.5 | BB%=0.16(+0.60) | 量比=1.0
2026-04-16 00:29:55,001 [INFO] main: 等待 900s 到下一根K线...
2026-04-16 00:44:55,236 [INFO] main: ── 第 64 轮 | 00:44:55 UTC ──
2026-04-16 00:44:55,378 [INFO] strategy: 信号: HOLD | 强度: 0.041 | 价格: 74785.3 | ATR: 238.2 | 量比=1.1
2026-04-16 00:44:55,379 [INFO] main: 等待 900s 到下一根K线...
2026-04-16 00:59:55,569 [INFO] main: ── 第 65 轮 | 00:59:55 UTC ──
2026-04-16 00:59:55,730 [INFO] strategy: 信号: HOLD | 强度: 0.039 | 价格: 74790.2 | ATR: 228.6 | 无明显信号
2026-04-16 00:59:55,730 [INFO] main: 等待 900s 到下一根K线...
2026-04-16 01:14:55,951 [INFO] main: ── 第 66 轮 | 01:14:55 UTC ──
2026-04-16 01:14:56,111 [INFO] strategy: 信号: HOLD | 强度: 0.301 | 价格: 74567.4 | ATR: 245.4 | BB%=0.13(+1.00)
2026-04-16 01:14:56,112 [INFO] main: 等待 900s 到下一根K线...
2026-04-16 01:29:56,368 [INFO] main: ── 第 67 轮 | 01:29:56 UTC ──
2026-04-16 01:29:56,525 [INFO] strategy: 信号: HOLD | 强度: 0.174 | 价格: 74609.1 | ATR: 235.1 | BB%=0.23(+0.60)
2026-04-16 01:29:56,526 [INFO] main: 等待 900s 到下一根K线...
2026-04-16 01:44:56,742 [INFO] main: ── 第 68 轮 | 01:44:56 UTC ──
2026-04-16 01:44:56,901 [INFO] strategy: 信号: HOLD | 强度: 0.002 | 价格: 74681.8 | ATR: 220.3 | 无明显信号
2026-04-16 01:44:56,902 [INFO] main: 等待 900s 到下一根K线...
2026-04-16 01:59:57,127 [INFO] main: ── 第 69 轮 | 01:59:57 UTC ──
2026-04-16 01:59:57,275 [INFO] strategy: 信号: HOLD | 强度: 0.399 | 价格: 74647.3 | ATR: 210.2 | EMA死叉(-1.00)
2026-04-16 01:59:57,275 [INFO] main: 等待 900s 到下一根K线...
2026-04-16 02:14:57,505 [INFO] main: ── 第 70 轮 | 02:14:57 UTC ──
2026-04-16 02:14:57,637 [INFO] strategy: 信号: HOLD | 强度: 0.004 | 价格: 74675.5 | ATR: 201.8 | 无明显信号
2026-04-16 02:14:57,637 [INFO] main: 等待 900s 到下一根K线...
2026-04-16 02:29:57,819 [INFO] main: ── 第 71 轮 | 02:29:57 UTC ──
2026-04-16 02:29:57,974 [INFO] strategy: 信号: HOLD | 强度: 0.228 | 价格: 74892.3 | ATR: 212.6 | EMA金叉(+1.00) | BB%=0.71(-0.60)
2026-04-16 02:29:57,975 [INFO] main: 等待 900s 到下一根K线...
2026-04-16 02:44:58,265 [INFO] main: ── 第 72 轮 | 02:44:58 UTC ──
2026-04-16 02:44:58,418 [INFO] strategy: 信号: HOLD | 强度: 0.250 | 价格: 75192.1 | ATR: 228.9 | BB%=1.07(-1.00) | 量比=3.6
2026-04-16 02:44:58,419 [INFO] main: 等待 900s 到下一根K线...
2026-04-16 02:59:58,710 [INFO] main: ── 第 73 轮 | 02:59:58 UTC ──
2026-04-16 02:59:58,857 [INFO] strategy: 信号: HOLD | 强度: 0.080 | 价格: 74879.5 | ATR: 259.1 | 量比=1.2
2026-04-16 02:59:58,857 [INFO] main: 等待 900s 到下一根K线...
2026-04-16 03:14:59,193 [INFO] main: ── 第 74 轮 | 03:14:59 UTC ──
2026-04-16 03:14:59,341 [INFO] strategy: 信号: HOLD | 强度: 0.088 | 价格: 74959.5 | ATR: 258.4 | BB%=0.74(-0.60)
2026-04-16 03:14:59,342 [INFO] main: 等待 900s 到下一根K线...
2026-04-16 03:29:59,561 [INFO] main: ── 第 75 轮 | 03:29:59 UTC ──
2026-04-16 03:29:59,723 [INFO] strategy: 信号: HOLD | 强度: 0.076 | 价格: 75036.9 | ATR: 251.0 | BB%=0.85(-0.60)
2026-04-16 03:29:59,723 [INFO] main: 等待 900s 到下一根K线...
2026-04-16 03:44:59,968 [INFO] main: ── 第 76 轮 | 03:44:59 UTC ──
2026-04-16 03:45:00,130 [INFO] strategy: 信号: HOLD | 强度: 0.188 | 价格: 74975.1 | ATR: 230.8 | RSI=56.1(-0.40) | BB%=0.77(-0.60)
2026-04-16 03:45:00,131 [INFO] main: 等待 900s 到下一根K线...
2026-04-16 04:00:00,419 [INFO] main: ── 第 77 轮 | 04:00:00 UTC ──
2026-04-16 04:00:00,616 [INFO] strategy: 信号: HOLD | 强度: 0.086 | 价格: 74886.4 | ATR: 216.5 | 无明显信号
2026-04-16 04:00:00,616 [INFO] main: 等待 900s 到下一根K线...
2026-04-16 04:15:00,978 [INFO] main: ── 第 78 轮 | 04:15:00 UTC ──
2026-04-16 04:15:01,148 [INFO] strategy: 信号: HOLD | 强度: 0.089 | 价格: 74936.8 | ATR: 211.0 | BB%=0.71(-0.60)
2026-04-16 04:15:01,148 [INFO] main: 等待 900s 到下一根K线...
2026-04-16 04:30:01,453 [INFO] main: ── 第 79 轮 | 04:30:01 UTC ──
2026-04-16 04:30:01,691 [INFO] strategy: 信号: HOLD | 强度: 0.069 | 价格: 74914.2 | ATR: 169.6 | 无明显信号
2026-04-16 04:30:01,691 [INFO] main: 等待 900s 到下一根K线...
2026-04-16 04:45:01,931 [INFO] main: ── 第 80 轮 | 04:45:01 UTC ──
2026-04-16 04:45:02,154 [INFO] strategy: 信号: HOLD | 强度: 0.189 | 价格: 75070.5 | ATR: 188.1 | RSI=57.9(-0.40) | BB%=0.81(-0.60)
2026-04-16 04:45:02,155 [INFO] main: 等待 900s 到下一根K线...
2026-04-16 05:00:02,418 [INFO] main: ── 第 81 轮 | 05:00:02 UTC ──
2026-04-16 05:00:02,690 [INFO] strategy: 信号: HOLD | 强度: 0.071 | 价格: 74924.5 | ATR: 205.7 | 无明显信号
2026-04-16 05:00:02,690 [INFO] main: 等待 900s 到下一根K线...
2026-04-16 05:15:02,906 [INFO] main: ── 第 82 轮 | 05:15:02 UTC ──
2026-04-16 05:15:03,094 [INFO] strategy: 信号: HOLD | 强度: 0.061 | 价格: 74916.4 | ATR: 190.2 | 无明显信号
2026-04-16 05:15:03,094 [INFO] main: 等待 900s 到下一根K线...
2026-04-16 05:30:03,328 [INFO] main: ── 第 83 轮 | 05:30:03 UTC ──
2026-04-16 05:30:03,567 [INFO] strategy: 信号: HOLD | 强度: 0.089 | 价格: 75060.8 | ATR: 189.5 | BB%=0.75(-0.60)
2026-04-16 05:30:03,567 [INFO] main: 等待 900s 到下一根K线...
2026-04-16 05:45:03,775 [INFO] main: ── 第 84 轮 | 05:45:03 UTC ──
2026-04-16 05:45:04,040 [INFO] strategy: 信号: HOLD | 强度: 0.202 | 价格: 75059.3 | ATR: 178.5 | RSI=56.8(-0.40) | BB%=0.73(-0.60)
2026-04-16 05:45:04,041 [INFO] main: 等待 900s 到下一根K线...
2026-04-16 06:00:04,263 [INFO] main: ── 第 85 轮 | 06:00:04 UTC ──
2026-04-16 06:00:04,580 [INFO] strategy: 信号: HOLD | 强度: 0.088 | 价格: 75076.0 | ATR: 165.9 | BB%=0.74(-0.60)
2026-04-16 06:00:04,580 [INFO] main: 等待 900s 到下一根K线...
2026-04-16 06:15:04,854 [INFO] main: ── 第 86 轮 | 06:15:04 UTC ──
2026-04-16 06:15:05,071 [INFO] strategy: 信号: HOLD | 强度: 0.071 | 价格: 75020.3 | ATR: 155.6 | 无明显信号
2026-04-16 06:15:05,072 [INFO] main: 等待 900s 到下一根K线...
2026-04-16 06:30:05,371 [INFO] main: ── 第 87 轮 | 06:30:05 UTC ──
2026-04-16 06:30:05,641 [INFO] strategy: 信号: HOLD | 强度: 0.048 | 价格: 75018.4 | ATR: 143.7 | RSI=55.0(-0.40)
2026-04-16 06:30:05,642 [INFO] main: 等待 900s 到下一根K线...
2026-04-16 06:45:05,878 [INFO] main: ── 第 88 轮 | 06:45:05 UTC ──
2026-04-16 06:45:06,307 [INFO] strategy: 信号: HOLD | 强度: 0.046 | 价格: 74939.7 | ATR: 146.8 | 无明显信号
2026-04-16 06:45:06,308 [INFO] main: 等待 900s 到下一根K线...
2026-04-16 07:00:06,568 [INFO] main: ── 第 89 轮 | 07:00:06 UTC ──
2026-04-16 07:00:06,862 [INFO] strategy: 信号: HOLD | 强度: 0.053 | 价格: 75012.0 | ATR: 143.0 | 无明显信号
2026-04-16 07:00:06,862 [INFO] main: 等待 900s 到下一根K线...
2026-04-16 07:15:07,102 [INFO] main: ── 第 90 轮 | 07:15:07 UTC ──
2026-04-16 07:15:07,288 [INFO] strategy: 信号: HOLD | 强度: 0.200 | 价格: 74914.7 | ATR: 145.5 | BB%=0.28(+0.60)
2026-04-16 07:15:07,288 [INFO] main: 等待 900s 到下一根K线...
2026-04-16 07:30:07,581 [INFO] main: ── 第 91 轮 | 07:30:07 UTC ──
2026-04-16 07:30:07,763 [INFO] strategy: 信号: HOLD | 强度: 0.188 | 价格: 74896.8 | ATR: 135.9 | BB%=0.24(+0.60)
2026-04-16 07:30:07,763 [INFO] main: 等待 900s 到下一根K线...
2026-04-16 07:45:08,038 [INFO] main: ── 第 92 轮 | 07:45:08 UTC ──
2026-04-16 07:45:08,218 [INFO] strategy: 信号: HOLD | 强度: 0.286 | 价格: 74847.8 | ATR: 128.2 | BB%=0.10(+1.00)
2026-04-16 07:45:08,219 [INFO] main: 等待 900s 到下一根K线...
2026-04-16 08:00:08,498 [INFO] main: ── 第 93 轮 | 08:00:08 UTC ──
2026-04-16 08:00:08,694 [INFO] strategy: 信号: HOLD | 强度: 0.247 | 价格: 74690.6 | ATR: 139.1 | BB%=-0.08(+1.00)
2026-04-16 08:00:08,695 [INFO] main: 等待 900s 到下一根K线...
2026-04-16 08:15:08,995 [INFO] main: ── 第 94 轮 | 08:15:08 UTC ──
2026-04-16 08:15:09,238 [INFO] strategy: 信号: HOLD | 强度: 0.315 | 价格: 74544.5 | ATR: 147.5 | RSI=37.0(+0.40) | BB%=-0.09(+1.00)
2026-04-16 08:15:09,239 [INFO] main: 等待 900s 到下一根K线...
2026-04-16 08:30:09,507 [INFO] main: ── 第 95 轮 | 08:30:09 UTC ──
2026-04-16 08:30:09,725 [INFO] strategy: 信号: HOLD | 强度: 0.211 | 价格: 74681.9 | ATR: 153.5 | BB%=0.13(+1.00)
2026-04-16 08:30:09,726 [INFO] main: 等待 900s 到下一根K线...
2026-04-16 08:45:09,969 [INFO] main: ── 第 96 轮 | 08:45:09 UTC ──
2026-04-16 08:45:10,150 [INFO] strategy: 信号: HOLD | 强度: 0.205 | 价格: 74677.5 | ATR: 155.4 | RSI=43.3(+0.40) | BB%=0.16(+0.60)
2026-04-16 08:45:10,151 [INFO] main: 等待 900s 到下一根K线...
2026-04-16 09:00:10,443 [INFO] main: ── 第 97 轮 | 09:00:10 UTC ──
2026-04-16 09:00:10,712 [INFO] strategy: 信号: HOLD | 强度: 0.199 | 价格: 74637.8 | ATR: 149.7 | BB%=0.14(+1.00)
2026-04-16 09:00:10,713 [INFO] main: 等待 900s 到下一根K线...
2026-04-16 09:15:11,095 [INFO] main: ── 第 98 轮 | 09:15:11 UTC ──
2026-04-16 09:15:11,280 [INFO] strategy: 信号: HOLD | 强度: 0.067 | 价格: 74748.6 | ATR: 141.4 | 无明显信号
2026-04-16 09:15:11,280 [INFO] main: 等待 900s 到下一根K线...
2026-04-16 09:30:11,508 [INFO] main: ── 第 99 轮 | 09:30:11 UTC ──
2026-04-16 09:30:11,686 [INFO] strategy: 信号: HOLD | 强度: 0.048 | 价格: 74805.5 | ATR: 143.0 | 无明显信号
2026-04-16 09:30:11,687 [INFO] main: 等待 900s 到下一根K线...
2026-04-16 09:45:12,012 [INFO] main: ── 第 100 轮 | 09:45:12 UTC ──
2026-04-16 09:45:12,198 [INFO] strategy: 信号: HOLD | 强度: 0.111 | 价格: 74709.6 | ATR: 140.4 | BB%=0.29(+0.60)
2026-04-16 09:45:12,199 [INFO] main: 等待 900s 到下一根K线...
2026-04-16 10:00:12,444 [INFO] main: ── 第 101 轮 | 10:00:12 UTC ──
2026-04-16 10:00:12,642 [INFO] strategy: 信号: HOLD | 强度: 0.090 | 价格: 74591.5 | ATR: 137.8 | BB%=0.17(+0.60)
2026-04-16 10:00:12,642 [INFO] main: 等待 900s 到下一根K线...
2026-04-16 10:15:12,939 [INFO] main: ── 第 102 轮 | 10:15:12 UTC ──
2026-04-16 10:15:13,101 [INFO] strategy: 信号: HOLD | 强度: 0.163 | 价格: 74401.8 | ATR: 150.0 | EMA死叉(-0.31) | BB%=0.03(+1.00)
2026-04-16 10:15:13,101 [INFO] main: 等待 900s 到下一根K线...
2026-04-16 10:30:13,438 [INFO] main: ── 第 103 轮 | 10:30:13 UTC ──
2026-04-16 10:30:13,621 [INFO] strategy: 信号: HOLD | 强度: 0.160 | 价格: 74442.0 | ATR: 152.5 | EMA死叉(-0.31) | BB%=0.11(+1.00)
2026-04-16 10:30:13,622 [INFO] main: 等待 900s 到下一根K线...
2026-04-16 10:45:13,877 [INFO] main: ── 第 104 轮 | 10:45:13 UTC ──
2026-04-16 10:45:14,027 [INFO] strategy: 信号: HOLD | 强度: 0.260 | 价格: 74403.3 | ATR: 146.8 | EMA死叉(-0.35) | RSI=36.2(+0.40) | BB%=0.12(+1.00)
2026-04-16 10:45:14,027 [INFO] main: 等待 900s 到下一根K线...
2026-04-16 11:00:14,203 [INFO] main: ── 第 105 轮 | 11:00:14 UTC ──
2026-04-16 11:00:14,459 [INFO] strategy: 信号: HOLD | 强度: 0.240 | 价格: 74323.7 | ATR: 143.1 | EMA死叉(-0.40) | RSI=33.8(+0.40) | BB%=0.10(+1.00)
2026-04-16 11:00:14,460 [INFO] main: 等待 900s 到下一根K线...
2026-04-16 11:15:14,697 [INFO] main: ── 第 106 轮 | 11:15:14 UTC ──
2026-04-16 11:15:14,854 [INFO] strategy: 信号: HOLD | 强度: 0.121 | 价格: 74317.0 | ATR: 133.6 | EMA死叉(-0.41) | BB%=0.13(+1.00)
2026-04-16 11:15:14,855 [INFO] main: 等待 900s 到下一根K线...
2026-04-16 11:30:15,073 [INFO] main: ── 第 107 轮 | 11:30:15 UTC ──
2026-04-16 11:30:15,231 [INFO] strategy: 信号: HOLD | 强度: 0.133 | 价格: 74380.3 | ATR: 127.4 | EMA死叉(-0.38) | RSI=37.2(+0.40) | BB%=0.22(+0.60)
2026-04-16 11:30:15,231 [INFO] main: 等待 900s 到下一根K线...
2026-04-16 11:45:15,515 [INFO] main: ── 第 108 轮 | 11:45:15 UTC ──
2026-04-16 11:45:15,732 [INFO] strategy: 信号: HOLD | 强度: 0.039 | 价格: 74441.1 | ATR: 131.3 | EMA死叉(-0.33) | BB%=0.29(+0.60)
2026-04-16 11:45:15,733 [INFO] main: 等待 900s 到下一根K线...
2026-04-16 12:00:15,961 [INFO] main: ── 第 109 轮 | 12:00:15 UTC ──
2026-04-16 12:00:16,136 [INFO] strategy: 信号: HOLD | 强度: 0.093 | 价格: 74595.3 | ATR: 131.6 | 无明显信号
2026-04-16 12:00:16,136 [INFO] main: 等待 900s 到下一根K线...
2026-04-16 12:15:16,378 [INFO] main: ── 第 110 轮 | 12:15:16 UTC ──
2026-04-16 12:15:16,534 [INFO] strategy: 信号: HOLD | 强度: 0.214 | 价格: 74757.4 | ATR: 146.5 | BB%=0.75(-0.60)
2026-04-16 12:15:16,534 [INFO] main: 等待 900s 到下一根K线...
2026-04-16 12:30:16,758 [INFO] main: ── 第 111 轮 | 12:30:16 UTC ──
2026-04-16 12:30:16,960 [INFO] strategy: 信号: HOLD | 强度: 0.030 | 价格: 74688.3 | ATR: 143.7 | 无明显信号
2026-04-16 12:30:16,960 [INFO] main: 等待 900s 到下一根K线...
2026-04-16 12:45:17,233 [INFO] main: ── 第 112 轮 | 12:45:17 UTC ──
2026-04-16 12:45:17,402 [INFO] strategy: 信号: HOLD | 强度: 0.022 | 价格: 74659.7 | ATR: 138.0 | 无明显信号
2026-04-16 12:45:17,402 [INFO] main: 等待 900s 到下一根K线...
2026-04-16 13:00:17,606 [INFO] main: ── 第 113 轮 | 13:00:17 UTC ──
2026-04-16 13:00:17,790 [INFO] strategy: 信号: HOLD | 强度: 0.021 | 价格: 74619.6 | ATR: 130.0 | 无明显信号
2026-04-16 13:00:17,790 [INFO] main: 等待 900s 到下一根K线...
2026-04-16 13:15:17,986 [INFO] main: ── 第 114 轮 | 13:15:17 UTC ──
2026-04-16 13:15:18,194 [INFO] strategy: 信号: HOLD | 强度: 0.148 | 价格: 74824.4 | ATR: 142.0 | BB%=0.84(-0.60)
2026-04-16 13:15:18,195 [INFO] main: 等待 900s 到下一根K线...
2026-04-16 13:30:18,403 [INFO] main: ── 第 115 轮 | 13:30:18 UTC ──
2026-04-16 13:30:18,553 [INFO] strategy: 信号: HOLD | 强度: 0.235 | 价格: 74820.7 | ATR: 174.1 | RSI=55.3(-0.40) | BB%=0.78(-0.60)
2026-04-16 13:30:18,553 [INFO] main: 等待 900s 到下一根K线...
2026-04-16 13:45:18,809 [INFO] main: ── 第 116 轮 | 13:45:18 UTC ──
2026-04-16 13:45:18,984 [INFO] strategy: 信号: HOLD | 强度: 0.008 | 价格: 74563.1 | ATR: 194.4 | 无明显信号
2026-04-16 13:45:18,984 [INFO] main: 等待 900s 到下一根K线...
2026-04-16 14:00:19,186 [INFO] main: ── 第 117 轮 | 14:00:19 UTC ──
2026-04-16 14:00:19,406 [INFO] strategy: 信号: HOLD | 强度: 0.117 | 价格: 73706.8 | ATR: 330.6 | EMA死叉(-0.42) | BB%=-0.14(+1.00)
2026-04-16 14:00:19,407 [INFO] main: 等待 900s 到下一根K线...
2026-04-16 14:15:19,646 [INFO] main: ── 第 118 轮 | 14:15:19 UTC ──
2026-04-16 14:15:19,812 [INFO] strategy: 信号: HOLD | 强度: 0.203 | 价格: 73885.9 | ATR: 325.0 | EMA死叉(-0.49) | RSI=33.6(+0.40) | BB%=0.05(+1.00)
2026-04-16 14:15:19,812 [INFO] main: 等待 900s 到下一根K线...
2026-04-16 14:30:20,035 [INFO] main: ── 第 119 轮 | 14:30:20 UTC ──
2026-04-16 14:30:20,220 [INFO] strategy: 信号: HOLD | 强度: 0.040 | 价格: 73778.9 | ATR: 332.2 | EMA死叉(-0.61) | BB%=0.06(+1.00)
2026-04-16 14:30:20,221 [INFO] main: 等待 900s 到下一根K线...
2026-04-16 14:45:20,480 [INFO] main: ── 第 120 轮 | 14:45:20 UTC ──
2026-04-16 14:45:20,645 [INFO] strategy: 信号: HOLD | 强度: 0.061 | 价格: 73947.8 | ATR: 322.3 | EMA死叉(-0.58) | BB%=0.19(+0.60)
2026-04-16 14:45:20,645 [INFO] main: 等待 900s 到下一根K线...
2026-04-16 15:00:20,860 [INFO] main: ── 第 121 轮 | 15:00:20 UTC ──
2026-04-16 15:00:21,039 [INFO] strategy: 信号: HOLD | 强度: 0.060 | 价格: 73955.5 | ATR: 318.6 | EMA死叉(-0.58) | BB%=0.22(+0.60)
2026-04-16 15:00:21,040 [INFO] main: 等待 900s 到下一根K线...
2026-04-16 15:15:21,285 [INFO] main: ── 第 122 轮 | 15:15:21 UTC ──
2026-04-16 15:15:21,453 [INFO] strategy: 信号: HOLD | 强度: 0.149 | 价格: 74384.9 | ATR: 340.0 | EMA死叉(-0.37)
2026-04-16 15:15:21,453 [INFO] main: 等待 900s 到下一根K线...
2026-04-16 15:30:21,679 [INFO] main: ── 第 123 轮 | 15:30:21 UTC ──
2026-04-16 15:30:21,839 [INFO] strategy: 信号: HOLD | 强度: 0.153 | 价格: 74215.3 | ATR: 319.7 | EMA死叉(-0.38)
2026-04-16 15:30:21,839 [INFO] main: 等待 900s 到下一根K线...
2026-04-16 15:45:22,121 [INFO] main: ── 第 124 轮 | 15:45:22 UTC ──
2026-04-16 15:45:22,278 [INFO] strategy: 信号: HOLD | 强度: 0.069 | 价格: 74555.5 | ATR: 354.3 | 无明显信号
2026-04-16 15:45:22,278 [INFO] main: 等待 900s 到下一根K线...
2026-04-16 16:00:22,512 [INFO] main: ── 第 125 轮 | 16:00:22 UTC ──
2026-04-16 16:00:22,679 [INFO] strategy: 信号: HOLD | 强度: 0.004 | 价格: 74716.5 | ATR: 347.9 | 无明显信号
2026-04-16 16:00:22,679 [INFO] main: 等待 900s 到下一根K线...
2026-04-16 16:15:22,880 [INFO] main: ── 第 126 轮 | 16:15:22 UTC ──
2026-04-16 16:15:23,047 [INFO] strategy: 信号: HOLD | 强度: 0.399 | 价格: 74677.7 | ATR: 337.4 | EMA金叉(+1.00)
2026-04-16 16:15:23,048 [INFO] main: 等待 900s 到下一根K线...
2026-04-16 16:30:23,253 [INFO] main: ── 第 127 轮 | 16:30:23 UTC ──
2026-04-16 16:30:23,423 [INFO] strategy: 信号: HOLD | 强度: 0.029 | 价格: 74621.1 | ATR: 329.8 | 无明显信号
2026-04-16 16:30:23,424 [INFO] main: 等待 900s 到下一根K线...
2026-04-16 16:45:23,658 [INFO] main: ── 第 128 轮 | 16:45:23 UTC ──
2026-04-16 16:45:23,836 [INFO] strategy: 信号: HOLD | 强度: 0.012 | 价格: 74361.8 | ATR: 334.5 | 无明显信号
2026-04-16 16:45:23,837 [INFO] main: 等待 900s 到下一根K线...
2026-04-16 17:00:24,065 [INFO] main: ── 第 129 轮 | 17:00:24 UTC ──
2026-04-16 17:00:24,226 [INFO] strategy: 信号: HOLD | 强度: 0.055 | 价格: 74157.2 | ATR: 329.0 | 无明显信号
2026-04-16 17:00:24,226 [INFO] main: 等待 900s 到下一根K线...
2026-04-16 17:15:24,443 [INFO] main: ── 第 130 轮 | 17:15:24 UTC ──
2026-04-16 17:15:24,595 [INFO] strategy: 信号: HOLD | 强度: 0.057 | 价格: 73921.1 | ATR: 316.0 | BB%=0.24(+0.60)
2026-04-16 17:15:24,595 [INFO] main: 等待 900s 到下一根K线...
2026-04-16 17:30:24,769 [INFO] main: ── 第 131 轮 | 17:30:24 UTC ──
2026-04-16 17:30:24,920 [INFO] strategy: 信号: HOLD | 强度: 0.075 | 价格: 74250.0 | ATR: 317.7 | 无明显信号
2026-04-16 17:30:24,920 [INFO] main: 等待 900s 到下一根K线...
2026-04-16 17:45:25,125 [INFO] main: ── 第 132 轮 | 17:45:25 UTC ──
2026-04-16 17:45:25,288 [INFO] strategy: 信号: HOLD | 强度: 0.046 | 价格: 74369.7 | ATR: 308.5 | 无明显信号
2026-04-16 17:45:25,288 [INFO] main: 等待 900s 到下一根K线...
2026-04-16 18:00:25,469 [INFO] main: ── 第 133 轮 | 18:00:25 UTC ──
2026-04-16 18:00:25,620 [INFO] strategy: 信号: HOLD | 强度: 0.037 | 价格: 74368.7 | ATR: 296.4 | 无明显信号
2026-04-16 18:00:25,621 [INFO] main: 等待 900s 到下一根K线...
2026-04-16 18:15:25,793 [INFO] main: ── 第 134 轮 | 18:15:25 UTC ──
2026-04-16 18:15:25,949 [INFO] strategy: 信号: HOLD | 强度: 0.014 | 价格: 74454.6 | ATR: 292.0 | 无明显信号
2026-04-16 18:15:25,949 [INFO] main: 等待 900s 到下一根K线...
2026-04-16 18:30:26,169 [INFO] main: ── 第 135 轮 | 18:30:26 UTC ──
2026-04-16 18:30:26,350 [INFO] strategy: 信号: HOLD | 强度: 0.010 | 价格: 74406.2 | ATR: 279.1 | 无明显信号
2026-04-16 18:30:26,350 [INFO] main: 等待 900s 到下一根K线...
2026-04-16 18:45:26,547 [INFO] main: ── 第 136 轮 | 18:45:26 UTC ──
2026-04-16 18:45:26,697 [INFO] strategy: 信号: HOLD | 强度: 0.135 | 价格: 74616.0 | ATR: 271.4 | BB%=0.78(-0.60)
2026-04-16 18:45:26,697 [INFO] main: 等待 900s 到下一根K线...
2026-04-16 19:00:26,861 [INFO] main: ── 第 137 轮 | 19:00:26 UTC ──
2026-04-16 19:00:27,030 [INFO] strategy: 信号: HOLD | 强度: 0.147 | 价格: 75039.5 | ATR: 298.7 | EMA金叉(+0.35) | BB%=0.99(-1.00)
2026-04-16 19:00:27,030 [INFO] main: 等待 900s 到下一根K线...
2026-04-16 19:15:27,242 [INFO] main: ── 第 138 轮 | 19:15:27 UTC ──
2026-04-16 19:15:27,392 [INFO] strategy: 信号: HOLD | 强度: 0.148 | 价格: 74881.7 | ATR: 299.8 | EMA金叉(+0.34) | BB%=0.88(-1.00)
2026-04-16 19:15:27,393 [INFO] main: 等待 900s 到下一根K线...
2026-04-16 19:30:27,585 [INFO] main: ── 第 139 轮 | 19:30:27 UTC ──
2026-04-16 19:30:27,733 [INFO] strategy: 信号: HOLD | 强度: 0.222 | 价格: 74992.4 | ATR: 292.3 | EMA金叉(+0.44) | RSI=60.8(-0.40) | BB%=0.90(-1.00)
2026-04-16 19:30:27,734 [INFO] main: 等待 900s 到下一根K线...
2026-04-16 19:45:27,952 [INFO] main: ── 第 140 轮 | 19:45:27 UTC ──
2026-04-16 19:45:28,090 [INFO] strategy: 信号: HOLD | 强度: 0.044 | 价格: 75253.1 | ATR: 293.8 | EMA金叉(+0.60) | BB%=0.98(-1.00)
2026-04-16 19:45:28,090 [INFO] main: 等待 900s 到下一根K线...
2026-04-16 20:00:28,277 [INFO] main: ── 第 141 轮 | 20:00:28 UTC ──
2026-04-16 20:00:28,435 [INFO] strategy: 信号: HOLD | 强度: 0.016 | 价格: 75508.8 | ATR: 299.3 | EMA金叉(+0.75) | BB%=1.03(-1.00)
2026-04-16 20:00:28,436 [INFO] main: 等待 900s 到下一根K线...
2026-04-16 20:15:28,616 [INFO] main: ── 第 142 轮 | 20:15:28 UTC ──
2026-04-16 20:15:28,769 [INFO] strategy: 信号: HOLD | 强度: 0.088 | 价格: 75403.2 | ATR: 275.5 | EMA金叉(+0.78) | RSI=67.2(-0.40) | BB%=0.92(-1.00)
2026-04-16 20:15:28,770 [INFO] main: 等待 900s 到下一根K线...
2026-04-16 20:30:28,956 [INFO] main: ── 第 143 轮 | 20:30:28 UTC ──
2026-04-16 20:30:29,112 [INFO] strategy: 信号: HOLD | 强度: 0.010 | 价格: 75167.0 | ATR: 276.6 | EMA金叉(+0.69) | RSI=60.4(-0.40) | BB%=0.77(-0.60)
2026-04-16 20:30:29,112 [INFO] main: 等待 900s 到下一根K线...
2026-04-16 20:45:29,281 [INFO] main: ── 第 144 轮 | 20:45:29 UTC ──
2026-04-16 20:45:29,422 [INFO] strategy: 信号: HOLD | 强度: 0.126 | 价格: 75046.2 | ATR: 262.9 | EMA金叉(+0.60) | RSI=57.2(-0.40)
2026-04-16 20:45:29,422 [INFO] main: 等待 900s 到下一根K线...
2026-04-16 21:00:29,662 [INFO] main: ── 第 145 轮 | 21:00:29 UTC ──
2026-04-16 21:00:29,821 [INFO] strategy: 信号: HOLD | 强度: 0.087 | 价格: 75264.0 | ATR: 254.0 | EMA金叉(+0.65) | BB%=0.78(-0.60)
2026-04-16 21:00:29,821 [INFO] main: 等待 900s 到下一根K线...
2026-04-16 21:15:29,994 [INFO] main: ── 第 146 轮 | 21:15:29 UTC ──
2026-04-16 21:15:30,156 [INFO] strategy: 信号: HOLD | 强度: 0.111 | 价格: 75125.0 | ATR: 237.2 | EMA金叉(+0.56) | RSI=58.0(-0.40)
2026-04-16 21:15:30,157 [INFO] main: 等待 900s 到下一根K线...
2026-04-16 21:30:30,342 [INFO] main: ── 第 147 轮 | 21:30:30 UTC ──
2026-04-16 21:30:30,510 [INFO] strategy: 信号: HOLD | 强度: 0.159 | 价格: 74845.5 | ATR: 254.4 | EMA金叉(+0.40)
2026-04-16 21:30:30,511 [INFO] main: 等待 900s 到下一根K线...
2026-04-16 21:45:30,698 [INFO] main: ── 第 148 轮 | 21:45:30 UTC ──
2026-04-16 21:45:30,865 [INFO] strategy: 信号: HOLD | 强度: 0.144 | 价格: 74938.3 | ATR: 231.4 | EMA金叉(+0.36)
2026-04-16 21:45:30,865 [INFO] main: 等待 900s 到下一根K线...
2026-04-16 22:00:31,083 [INFO] main: ── 第 149 轮 | 22:00:31 UTC ──
2026-04-16 22:00:31,233 [INFO] strategy: 信号: HOLD | 强度: 0.128 | 价格: 74994.0 | ATR: 219.5 | EMA金叉(+0.32)
2026-04-16 22:00:31,234 [INFO] main: 等待 900s 到下一根K线...
2026-04-16 22:15:31,421 [INFO] main: ── 第 150 轮 | 22:15:31 UTC ──
2026-04-16 22:15:31,565 [INFO] strategy: 信号: HOLD | 强度: 0.113 | 价格: 74993.5 | ATR: 207.4 | 无明显信号
2026-04-16 22:15:31,566 [INFO] main: 等待 900s 到下一根K线...
2026-04-16 22:30:31,759 [INFO] main: ── 第 151 轮 | 22:30:31 UTC ──
2026-04-16 22:30:31,913 [INFO] strategy: 信号: HOLD | 强度: 0.085 | 价格: 74900.3 | ATR: 202.6 | 无明显信号
2026-04-16 22:30:31,914 [INFO] main: 等待 900s 到下一根K线...
2026-04-16 22:45:32,105 [INFO] main: ── 第 152 轮 | 22:45:32 UTC ──
2026-04-16 22:45:32,255 [INFO] strategy: 信号: HOLD | 强度: 0.071 | 价格: 74901.3 | ATR: 185.1 | 无明显信号
2026-04-16 22:45:32,256 [INFO] main: 等待 900s 到下一根K线...
2026-04-16 23:00:32,471 [INFO] main: ── 第 153 轮 | 23:00:32 UTC ──
2026-04-16 23:00:32,635 [INFO] strategy: 信号: HOLD | 强度: 0.048 | 价格: 74841.0 | ATR: 178.8 | 无明显信号
2026-04-16 23:00:32,635 [INFO] main: 等待 900s 到下一根K线...
2026-04-16 23:15:32,813 [INFO] main: ── 第 154 轮 | 23:15:32 UTC ──
2026-04-16 23:15:32,967 [INFO] strategy: 信号: HOLD | 强度: 0.060 | 价格: 74966.3 | ATR: 178.2 | 无明显信号
2026-04-16 23:15:32,967 [INFO] main: 等待 900s 到下一根K线...
2026-04-16 23:30:33,190 [INFO] main: ── 第 155 轮 | 23:30:33 UTC ──
2026-04-16 23:30:33,332 [INFO] strategy: 信号: HOLD | 强度: 0.048 | 价格: 75023.7 | ATR: 176.8 | RSI=55.4(-0.40)
2026-04-16 23:30:33,332 [INFO] main: 等待 900s 到下一根K线...
2026-04-16 23:45:33,550 [INFO] main: ── 第 156 轮 | 23:45:33 UTC ──
2026-04-16 23:45:33,704 [INFO] strategy: 信号: HOLD | 强度: 0.027 | 价格: 75136.0 | ATR: 172.1 | RSI=58.7(-0.40)
2026-04-16 23:45:33,705 [INFO] main: 等待 900s 到下一根K线...
2026-04-17 00:00:33,862 [INFO] risk_manager: 日结: PnL=+0.0000 | 净值=100.00 | 交易次数=0
2026-04-17 00:00:33,863 [INFO] main: ── 第 157 轮 | 00:00:33 UTC ──
2026-04-17 00:00:34,216 [INFO] strategy: 信号: HOLD | 强度: 0.022 | 价格: 75133.0 | ATR: 164.6 | RSI=58.4(-0.40)
2026-04-17 00:00:34,216 [INFO] main: 等待 900s 到下一根K线...
2026-04-17 00:15:34,385 [INFO] main: ── 第 158 轮 | 00:15:34 UTC ──
2026-04-17 00:15:34,539 [INFO] strategy: 信号: HOLD | 强度: 0.058 | 价格: 74950.0 | ATR: 169.0 | 无明显信号
2026-04-17 00:15:34,539 [INFO] main: 等待 900s 到下一根K线...
2026-04-17 00:30:34,800 [INFO] main: ── 第 159 轮 | 00:30:34 UTC ──
2026-04-17 00:30:34,950 [INFO] strategy: 信号: HOLD | 强度: 0.066 | 价格: 75087.0 | ATR: 168.9 | 无明显信号
2026-04-17 00:30:34,950 [INFO] main: 等待 900s 到下一根K线...
2026-04-17 00:45:35,159 [INFO] main: ── 第 160 轮 | 00:45:35 UTC ──
2026-04-17 00:45:35,317 [INFO] strategy: 信号: HOLD | 强度: 0.040 | 价格: 74956.8 | ATR: 156.1 | 无明显信号
2026-04-17 00:45:35,317 [INFO] main: 等待 900s 到下一根K线...
2026-04-17 01:00:35,548 [INFO] main: ── 第 161 轮 | 01:00:35 UTC ──
2026-04-17 01:00:35,758 [INFO] strategy: 信号: HOLD | 强度: 0.029 | 价格: 74938.7 | ATR: 144.3 | 无明显信号
2026-04-17 01:00:35,759 [INFO] main: 等待 900s 到下一根K线...
2026-04-17 01:15:35,986 [INFO] main: ── 第 162 轮 | 01:15:35 UTC ──
2026-04-17 01:15:36,147 [INFO] strategy: 信号: HOLD | 强度: 0.184 | 价格: 74898.3 | ATR: 142.7 | BB%=0.25(+0.60)
2026-04-17 01:15:36,147 [INFO] main: 等待 900s 到下一根K线...
2026-04-17 01:30:36,374 [INFO] main: ── 第 163 轮 | 01:30:36 UTC ──
2026-04-17 01:30:36,588 [INFO] strategy: 信号: HOLD | 强度: 0.258 | 价格: 74725.7 | ATR: 160.4 | BB%=0.00(+1.00)
2026-04-17 01:30:36,588 [INFO] main: 等待 900s 到下一根K线...
2026-04-17 01:45:36,796 [INFO] main: ── 第 164 轮 | 01:45:36 UTC ──
2026-04-17 01:45:36,946 [INFO] strategy: 信号: HOLD | 强度: 0.354 | 价格: 74727.2 | ATR: 158.0 | RSI=42.7(+0.40) | BB%=0.05(+1.00)
2026-04-17 01:45:36,946 [INFO] main: 等待 900s 到下一根K线...
2026-04-17 02:00:37,207 [INFO] main: ── 第 165 轮 | 02:00:37 UTC ──
2026-04-17 02:00:37,351 [INFO] strategy: 信号: HOLD | 强度: 0.231 | 价格: 74728.8 | ATR: 170.0 | BB%=0.09(+1.00)
2026-04-17 02:00:37,351 [INFO] main: 等待 900s 到下一根K线...
2026-04-17 02:15:37,550 [INFO] main: ── 第 166 轮 | 02:15:37 UTC ──
2026-04-17 02:15:37,788 [INFO] strategy: 信号: HOLD | 强度: 0.220 | 价格: 74709.6 | ATR: 165.4 | BB%=0.11(+1.00)
2026-04-17 02:15:37,788 [INFO] main: 等待 900s 到下一根K线...
2026-04-17 02:30:37,994 [INFO] main: ── 第 167 轮 | 02:30:37 UTC ──
2026-04-17 02:30:38,170 [INFO] strategy: 信号: HOLD | 强度: 0.201 | 价格: 74543.8 | ATR: 164.4 | BB%=-0.03(+1.00) | 量比=1.1
2026-04-17 02:30:38,170 [INFO] main: 等待 900s 到下一根K线...
2026-04-17 02:45:38,367 [INFO] main: ── 第 168 轮 | 02:45:38 UTC ──
2026-04-17 02:45:38,566 [INFO] strategy: 信号: HOLD | 强度: 0.199 | 价格: 74674.6 | ATR: 159.7 | RSI=42.2(+0.40) | BB%=0.17(+0.60)
2026-04-17 02:45:38,566 [INFO] main: 等待 900s 到下一根K线...
2026-04-17 03:00:38,808 [INFO] main: ── 第 169 轮 | 03:00:38 UTC ──
2026-04-17 03:00:38,961 [INFO] strategy: 信号: HOLD | 强度: 0.205 | 价格: 74711.6 | ATR: 149.6 | RSI=44.2(+0.40) | BB%=0.25(+0.60)
2026-04-17 03:00:38,962 [INFO] main: 等待 900s 到下一根K线...
2026-04-17 03:15:39,153 [INFO] main: ── 第 170 轮 | 03:15:39 UTC ──
2026-04-17 03:15:39,325 [INFO] strategy: 信号: HOLD | 强度: 0.208 | 价格: 74719.1 | ATR: 144.9 | RSI=44.9(+0.40) | BB%=0.29(+0.60)
2026-04-17 03:15:39,326 [INFO] main: 等待 900s 到下一根K线...
2026-04-17 03:30:39,591 [INFO] main: ── 第 171 轮 | 03:30:39 UTC ──
2026-04-17 03:30:39,767 [INFO] strategy: 信号: HOLD | 强度: 0.068 | 价格: 74746.3 | ATR: 135.1 | 无明显信号
2026-04-17 03:30:39,768 [INFO] main: 等待 900s 到下一根K线...
2026-04-17 03:45:39,969 [INFO] main: ── 第 172 轮 | 03:45:39 UTC ──
2026-04-17 03:45:40,129 [INFO] strategy: 信号: HOLD | 强度: 0.055 | 价格: 74781.1 | ATR: 134.8 | 无明显信号
2026-04-17 03:45:40,130 [INFO] main: 等待 900s 到下一根K线...
2026-04-17 04:00:40,363 [INFO] main: ── 第 173 轮 | 04:00:40 UTC ──
2026-04-17 04:00:40,528 [INFO] strategy: 信号: HOLD | 强度: 0.210 | 价格: 74641.2 | ATR: 141.7 | RSI=42.2(+0.40) | BB%=0.24(+0.60)
2026-04-17 04:00:40,528 [INFO] main: 等待 900s 到下一根K线...
2026-04-17 04:15:40,766 [INFO] main: ── 第 174 轮 | 04:15:40 UTC ──
2026-04-17 04:15:40,926 [INFO] strategy: 信号: HOLD | 强度: 0.046 | 价格: 74686.9 | ATR: 134.3 | RSI=44.8(+0.40)
2026-04-17 04:15:40,927 [INFO] main: 等待 900s 到下一根K线...
2026-04-17 04:30:41,187 [INFO] main: ── 第 175 轮 | 04:30:41 UTC ──
2026-04-17 04:30:41,338 [INFO] strategy: 信号: HOLD | 强度: 0.051 | 价格: 74749.7 | ATR: 128.4 | 无明显信号
2026-04-17 04:30:41,338 [INFO] main: 等待 900s 到下一根K线...
2026-04-17 04:45:41,550 [INFO] main: ── 第 176 轮 | 04:45:41 UTC ──
2026-04-17 04:45:41,692 [INFO] strategy: 信号: HOLD | 强度: 0.034 | 价格: 74790.0 | ATR: 124.9 | 无明显信号
2026-04-17 04:45:41,692 [INFO] main: 等待 900s 到下一根K线...
2026-04-17 05:00:41,936 [INFO] main: ── 第 177 轮 | 05:00:41 UTC ──
2026-04-17 05:00:42,086 [INFO] strategy: 信号: HOLD | 强度: 0.027 | 价格: 74788.5 | ATR: 117.3 | 无明显信号
2026-04-17 05:00:42,086 [INFO] main: 等待 900s 到下一根K线...
2026-04-17 05:15:42,312 [INFO] main: ── 第 178 轮 | 05:15:42 UTC ──
2026-04-17 05:15:42,458 [INFO] strategy: 信号: HOLD | 强度: 0.116 | 价格: 74610.4 | ATR: 131.4 | BB%=0.19(+0.60)
2026-04-17 05:15:42,458 [INFO] main: 等待 900s 到下一根K线...
2026-04-17 05:30:42,728 [INFO] main: ── 第 179 轮 | 05:30:42 UTC ──
2026-04-17 05:30:42,890 [INFO] strategy: 信号: HOLD | 强度: 0.120 | 价格: 74651.2 | ATR: 131.0 | BB%=0.29(+0.60)
2026-04-17 05:30:42,890 [INFO] main: 等待 900s 到下一根K线...
2026-04-17 05:45:43,133 [INFO] main: ── 第 180 轮 | 05:45:43 UTC ──
2026-04-17 05:45:43,263 [INFO] strategy: 信号: HOLD | 强度: 0.119 | 价格: 74648.1 | ATR: 124.3 | BB%=0.29(+0.60)
2026-04-17 05:45:43,264 [INFO] main: 等待 900s 到下一根K线...
2026-04-17 06:00:43,482 [INFO] main: ── 第 181 轮 | 06:00:43 UTC ──
2026-04-17 06:00:43,650 [INFO] strategy: 信号: HOLD | 强度: 0.115 | 价格: 74617.8 | ATR: 122.4 | BB%=0.19(+0.60)
2026-04-17 06:00:43,650 [INFO] main: 等待 900s 到下一根K线...
2026-04-17 06:15:43,882 [INFO] main: ── 第 182 轮 | 06:15:43 UTC ──
2026-04-17 06:15:44,056 [INFO] strategy: 信号: HOLD | 强度: 0.311 | 价格: 74792.3 | ATR: 126.7 | BB%=0.86(-1.00)
2026-04-17 06:15:44,057 [INFO] main: 等待 900s 到下一根K线...
2026-04-17 06:30:44,295 [INFO] main: ── 第 183 轮 | 06:30:44 UTC ──
2026-04-17 06:30:44,454 [INFO] strategy: 信号: HOLD | 强度: 0.187 | 价格: 74773.9 | ATR: 119.4 | BB%=0.76(-0.60)
2026-04-17 06:30:44,454 [INFO] main: 等待 900s 到下一根K线...
2026-04-17 06:45:44,680 [INFO] main: ── 第 184 轮 | 06:45:44 UTC ──
2026-04-17 06:45:44,880 [INFO] strategy: 信号: HOLD | 强度: 0.114 | 价格: 74832.7 | ATR: 114.6 | EMA金叉(+1.00) | BB%=0.88(-1.00)
2026-04-17 06:45:44,880 [INFO] main: 等待 900s 到下一根K线...
2026-04-17 07:00:45,129 [INFO] main: ── 第 185 轮 | 07:00:45 UTC ──
2026-04-17 07:00:45,517 [INFO] strategy: 信号: HOLD | 强度: 0.252 | 价格: 74943.5 | ATR: 115.8 | BB%=1.03(-1.00)
2026-04-17 07:00:45,518 [INFO] main: 等待 900s 到下一根K线...
2026-04-17 07:15:45,720 [INFO] main: ── 第 186 轮 | 07:15:45 UTC ──
2026-04-17 07:15:45,876 [INFO] strategy: 信号: HOLD | 强度: 0.341 | 价格: 75001.5 | ATR: 121.5 | RSI=61.3(-0.40) | BB%=1.01(-1.00)
2026-04-17 07:15:45,876 [INFO] main: 等待 900s 到下一根K线...
2026-04-17 07:30:46,118 [INFO] main: ── 第 187 轮 | 07:30:46 UTC ──
2026-04-17 07:30:46,280 [INFO] strategy: 信号: HOLD | 强度: 0.223 | 价格: 74969.9 | ATR: 114.3 | BB%=0.90(-1.00)
2026-04-17 07:30:46,281 [INFO] main: 等待 900s 到下一根K线...
2026-04-17 07:45:46,502 [INFO] main: ── 第 188 轮 | 07:45:46 UTC ──
2026-04-17 07:45:46,709 [INFO] strategy: 信号: HOLD | 强度: 0.210 | 价格: 75014.6 | ATR: 107.4 | BB%=0.91(-1.00)
2026-04-17 07:45:46,710 [INFO] main: 等待 900s 到下一根K线...
2026-04-17 08:00:46,953 [INFO] main: ── 第 189 轮 | 08:00:46 UTC ──
2026-04-17 08:00:47,102 [INFO] strategy: 信号: HOLD | 强度: 0.310 | 价格: 75050.7 | ATR: 110.4 | RSI=62.1(-0.40) | BB%=0.90(-1.00)
2026-04-17 08:00:47,102 [INFO] main: 等待 900s 到下一根K线...
2026-04-17 08:15:47,393 [INFO] main: ── 第 190 轮 | 08:15:47 UTC ──
2026-04-17 08:15:47,556 [INFO] strategy: 信号: HOLD | 强度: 0.193 | 价格: 75040.8 | ATR: 114.7 | RSI=61.3(-0.40) | BB%=0.84(-0.60)
2026-04-17 08:15:47,557 [INFO] main: 等待 900s 到下一根K线...
2026-04-17 08:30:47,798 [INFO] main: ── 第 191 轮 | 08:30:47 UTC ──
2026-04-17 08:30:47,947 [INFO] strategy: 信号: HOLD | 强度: 0.177 | 价格: 75139.4 | ATR: 122.3 | BB%=0.91(-1.00)
2026-04-17 08:30:47,947 [INFO] main: 等待 900s 到下一根K线...
2026-04-17 08:45:48,124 [INFO] main: ── 第 192 轮 | 08:45:48 UTC ──
2026-04-17 08:45:48,262 [INFO] strategy: 信号: HOLD | 强度: 0.127 | 价格: 75385.8 | ATR: 147.0 | EMA金叉(+0.40) | BB%=1.05(-1.00)
2026-04-17 08:45:48,262 [INFO] main: 等待 900s 到下一根K线...
2026-04-17 09:00:48,525 [INFO] main: ── 第 193 轮 | 09:00:48 UTC ──
2026-04-17 09:00:48,693 [INFO] strategy: 信号: HOLD | 强度: 0.324 | 价格: 75724.6 | ATR: 199.7 | EMA金叉(+0.62) | RSI=77.8(-1.00) | BB%=1.08(-1.00)
2026-04-17 09:00:48,693 [INFO] main: 等待 900s 到下一根K线...
2026-04-17 09:15:48,935 [INFO] main: ── 第 194 轮 | 09:15:48 UTC ──
2026-04-17 09:15:49,079 [INFO] strategy: 信号: HOLD | 强度: 0.266 | 价格: 75874.6 | ATR: 208.8 | EMA金叉(+0.76) | RSI=80.8(-1.00) | BB%=1.03(-1.00)
2026-04-17 09:15:49,079 [INFO] main: 等待 900s 到下一根K线...
2026-04-17 09:30:49,272 [INFO] main: ── 第 195 轮 | 09:30:49 UTC ──
2026-04-17 09:30:49,415 [INFO] strategy: 信号: HOLD | 强度: 0.251 | 价格: 76136.7 | ATR: 277.8 | EMA金叉(+0.80) | RSI=79.2(-1.00) | BB%=1.00(-1.00)
2026-04-17 09:30:49,415 [INFO] main: 等待 900s 到下一根K线...
2026-04-17 09:45:49,610 [INFO] main: ── 第 196 轮 | 09:45:49 UTC ──
2026-04-17 09:45:49,764 [INFO] strategy: 信号: HOLD | 强度: 0.034 | 价格: 75723.5 | ATR: 313.1 | EMA金叉(+0.80) | RSI=63.9(-0.40) | BB%=0.80(-0.60)
2026-04-17 09:45:49,764 [INFO] main: 等待 900s 到下一根K线...
2026-04-17 10:00:49,975 [INFO] main: ── 第 197 轮 | 10:00:49 UTC ──
2026-04-17 10:00:50,143 [INFO] strategy: 信号: HOLD | 强度: 0.032 | 价格: 75703.1 | ATR: 305.3 | EMA金叉(+0.79) | RSI=62.7(-0.40) | BB%=0.76(-0.60)
2026-04-17 10:00:50,143 [INFO] main: 等待 900s 到下一根K线...
2026-04-17 10:15:50,378 [INFO] main: ── 第 198 轮 | 10:15:50 UTC ──
2026-04-17 10:15:50,548 [INFO] strategy: 信号: HOLD | 强度: 0.110 | 价格: 75632.5 | ATR: 291.9 | EMA金叉(+0.71) | BB%=0.70(-0.60)
2026-04-17 10:15:50,550 [INFO] main: 等待 900s 到下一根K线...
2026-04-17 10:30:50,753 [INFO] main: ── 第 199 轮 | 10:30:50 UTC ──
2026-04-17 10:30:50,911 [INFO] strategy: 信号: HOLD | 强度: 0.186 | 价格: 75306.5 | ATR: 321.1 | EMA金叉(+0.47)
2026-04-17 10:30:50,912 [INFO] main: 等待 900s 到下一根K线...
2026-04-17 10:45:51,123 [INFO] main: ── 第 200 轮 | 10:45:51 UTC ──
2026-04-17 10:45:51,264 [INFO] strategy: 信号: HOLD | 强度: 0.121 | 价格: 75157.5 | ATR: 303.4 | EMA金叉(+0.30)
2026-04-17 10:45:51,264 [INFO] main: 等待 900s 到下一根K线...
2026-04-17 11:00:51,535 [INFO] main: ── 第 201 轮 | 11:00:51 UTC ──
2026-04-17 11:00:51,682 [INFO] strategy: 信号: HOLD | 强度: 0.102 | 价格: 75248.0 | ATR: 285.8 | 无明显信号
2026-04-17 11:00:51,682 [INFO] main: 等待 900s 到下一根K线...
2026-04-17 11:15:51,855 [INFO] main: ── 第 202 轮 | 11:15:51 UTC ──
2026-04-17 11:15:52,004 [INFO] strategy: 信号: HOLD | 强度: 0.095 | 价格: 75365.1 | ATR: 270.9 | 无明显信号
2026-04-17 11:15:52,005 [INFO] main: 等待 900s 到下一根K线...
2026-04-17 11:30:52,194 [INFO] main: ── 第 203 轮 | 11:30:52 UTC ──
2026-04-17 11:30:52,321 [INFO] strategy: 信号: HOLD | 强度: 0.105 | 价格: 75491.0 | ATR: 251.8 | 无明显信号
2026-04-17 11:30:52,322 [INFO] main: 等待 900s 到下一根K线...
2026-04-17 11:45:52,514 [INFO] main: ── 第 204 轮 | 11:45:52 UTC ──
2026-04-17 11:45:52,657 [INFO] strategy: 信号: HOLD | 强度: 0.080 | 价格: 75375.0 | ATR: 241.7 | 无明显信号
2026-04-17 11:45:52,658 [INFO] main: 等待 900s 到下一根K线...
2026-04-17 12:00:52,847 [INFO] main: ── 第 205 轮 | 12:00:52 UTC ──
2026-04-17 12:00:52,990 [INFO] strategy: 信号: HOLD | 强度: 0.112 | 价格: 75593.6 | ATR: 238.0 | 无明显信号
2026-04-17 12:00:52,991 [INFO] main: 等待 900s 到下一根K线...
2026-04-17 12:15:53,231 [INFO] main: ── 第 206 轮 | 12:15:53 UTC ──
2026-04-17 12:15:53,389 [INFO] strategy: 信号: HOLD | 强度: 0.017 | 价格: 75660.3 | ATR: 226.3 | EMA金叉(+0.33) | RSI=59.3(-0.40)
2026-04-17 12:15:53,389 [INFO] main: 等待 900s 到下一根K线...
2026-04-17 12:30:53,636 [INFO] main: ── 第 207 轮 | 12:30:53 UTC ──
2026-04-17 12:30:53,777 [INFO] strategy: 信号: HOLD | 强度: 0.004 | 价格: 75868.8 | ATR: 252.5 | EMA金叉(+0.42) | BB%=0.76(-0.60)
2026-04-17 12:30:53,777 [INFO] main: 等待 900s 到下一根K线...
2026-04-17 12:45:54,030 [INFO] main: ── 第 208 轮 | 12:45:54 UTC ──
2026-04-17 12:45:54,180 [INFO] strategy: 信号: HOLD | 强度: 0.043 | 价格: 75738.9 | ATR: 236.1 | EMA金叉(+0.39) | RSI=60.9(-0.40)
2026-04-17 12:45:54,180 [INFO] main: 等待 900s 到下一根K线...
2026-04-17 13:00:54,432 [INFO] main: ── 第 209 轮 | 13:00:54 UTC ──
2026-04-17 13:00:54,603 [INFO] strategy: 信号: HOLD | 强度: 0.154 | 价格: 76159.4 | ATR: 282.8 | EMA金叉(+0.61) | RSI=67.5(-0.40) | BB%=0.88(-1.00)
2026-04-17 13:00:54,604 [INFO] main: 等待 900s 到下一根K线...
2026-04-17 13:15:54,855 [INFO] main: ── 第 210 轮 | 13:15:54 UTC ──
2026-04-17 13:15:54,995 [INFO] strategy: 信号: HOLD | 强度: 0.251 | 价格: 76752.8 | ATR: 360.5 | EMA金叉(+0.80) | RSI=73.1(-1.00) | BB%=1.02(-1.00)
2026-04-17 13:15:54,995 [INFO] main: 等待 900s 到下一根K线...
2026-04-17 13:30:55,193 [INFO] main: ── 第 211 轮 | 13:30:55 UTC ──
2026-04-17 13:30:55,343 [INFO] strategy: 信号: HOLD | 强度: 0.034 | 价格: 76458.5 | ATR: 372.5 | EMA金叉(+0.80) | RSI=65.5(-0.40) | BB%=0.85(-0.60)
2026-04-17 13:30:55,343 [INFO] main: 等待 900s 到下一根K线...
2026-04-17 13:45:55,547 [INFO] main: ── 第 212 轮 | 13:45:55 UTC ──
2026-04-17 13:45:55,715 [INFO] strategy: 信号: HOLD | 强度: 0.080 | 价格: 76812.8 | ATR: 413.4 | EMA金叉(+0.80) | RSI=69.8(-0.40) | BB%=0.92(-1.00)
2026-04-17 13:45:55,716 [INFO] main: 等待 900s 到下一根K线...
2026-04-17 14:00:55,894 [INFO] main: ── 第 213 轮 | 14:00:55 UTC ──
2026-04-17 14:00:56,045 [INFO] strategy: 信号: HOLD | 强度: 0.034 | 价格: 77432.0 | ATR: 448.0 | EMA金叉(+0.80) | BB%=1.02(-1.00)
2026-04-17 14:00:56,045 [INFO] main: 等待 900s 到下一根K线...
2026-04-17 14:15:56,231 [INFO] main: ── 第 214 轮 | 14:15:56 UTC ──
2026-04-17 14:15:56,407 [INFO] strategy: 信号: HOLD | 强度: 0.034 | 价格: 77209.7 | ATR: 450.1 | EMA金叉(+0.80) | BB%=0.92(-1.00)
2026-04-17 14:15:56,408 [INFO] main: 等待 900s 到下一根K线...
2026-04-17 14:30:56,653 [INFO] main: ── 第 215 轮 | 14:30:56 UTC ──
2026-04-17 14:30:56,820 [INFO] strategy: 信号: HOLD | 强度: 0.034 | 价格: 77521.2 | ATR: 461.5 | EMA金叉(+0.80) | BB%=0.93(-1.00)
2026-04-17 14:30:56,821 [INFO] main: 等待 900s 到下一根K线...
2026-04-17 14:45:57,038 [INFO] main: ── 第 216 轮 | 14:45:57 UTC ──
2026-04-17 14:45:57,183 [INFO] strategy: 信号: HOLD | 强度: 0.251 | 价格: 77860.0 | ATR: 476.5 | EMA金叉(+0.80) | RSI=74.5(-1.00) | BB%=0.93(-1.00)
2026-04-17 14:45:57,184 [INFO] main: 等待 900s 到下一根K线...
2026-04-17 15:00:57,384 [INFO] main: ── 第 217 轮 | 15:00:57 UTC ──
2026-04-17 15:00:57,584 [INFO] strategy: 信号: HOLD | 强度: 0.034 | 价格: 77888.5 | ATR: 451.0 | EMA金叉(+0.80) | BB%=0.88(-1.00)
2026-04-17 15:00:57,584 [INFO] main: 等待 900s 到下一根K线...
2026-04-17 15:15:57,806 [INFO] main: ── 第 218 轮 | 15:15:57 UTC ──
2026-04-17 15:15:57,965 [INFO] strategy: 信号: HOLD | 强度: 0.034 | 价格: 77908.8 | ATR: 434.4 | EMA金叉(+0.80) | BB%=0.85(-1.00)
2026-04-17 15:15:57,965 [INFO] main: 等待 900s 到下一根K线...
2026-04-17 15:30:58,261 [INFO] main: ── 第 219 轮 | 15:30:58 UTC ──
2026-04-17 15:30:58,417 [INFO] strategy: 信号: HOLD | 强度: 0.137 | 价格: 77700.3 | ATR: 411.9 | EMA金叉(+0.80) | RSI=70.6(-1.00) | BB%=0.78(-0.60)
2026-04-17 15:30:58,417 [INFO] main: 等待 900s 到下一根K线...
2026-04-17 15:45:58,652 [INFO] main: ── 第 220 轮 | 15:45:58 UTC ──
2026-04-17 15:45:58,797 [INFO] strategy: 信号: HOLD | 强度: 0.148 | 价格: 77660.8 | ATR: 412.4 | EMA金叉(+0.80) | BB%=0.75(-0.60)
2026-04-17 15:45:58,797 [INFO] main: 等待 900s 到下一根K线...
2026-04-17 16:00:58,998 [INFO] main: ── 第 221 轮 | 16:00:58 UTC ──
2026-04-17 16:00:59,155 [INFO] strategy: 信号: HOLD | 强度: 0.034 | 价格: 77727.4 | ATR: 399.8 | EMA金叉(+0.80) | RSI=68.0(-0.40) | BB%=0.74(-0.60)
2026-04-17 16:00:59,156 [INFO] main: 等待 900s 到下一根K线...
2026-04-17 16:15:59,346 [INFO] main: ── 第 222 轮 | 16:15:59 UTC ──
2026-04-17 16:15:59,500 [INFO] strategy: 信号: HOLD | 强度: 0.034 | 价格: 77832.1 | ATR: 388.1 | EMA金叉(+0.80) | RSI=69.4(-0.40) | BB%=0.74(-0.60)
2026-04-17 16:15:59,501 [INFO] main: 等待 900s 到下一根K线...
2026-04-17 16:30:59,722 [INFO] main: ── 第 223 轮 | 16:30:59 UTC ──
2026-04-17 16:30:59,872 [INFO] strategy: 信号: HOLD | 强度: 0.148 | 价格: 78166.7 | ATR: 393.1 | EMA金叉(+0.80) | BB%=0.80(-0.60)
2026-04-17 16:30:59,873 [INFO] main: 等待 900s 到下一根K线...
2026-04-17 16:46:00,091 [INFO] main: ── 第 224 轮 | 16:46:00 UTC ──
2026-04-17 16:46:00,450 [INFO] strategy: 信号: HOLD | 强度: 0.137 | 价格: 78049.0 | ATR: 380.9 | EMA金叉(+0.80) | RSI=70.3(-1.00) | BB%=0.75(-0.60)
2026-04-17 16:46:00,451 [INFO] main: 等待 900s 到下一根K线...
2026-04-17 17:01:00,674 [INFO] main: ── 第 225 轮 | 17:01:00 UTC ──
2026-04-17 17:01:00,836 [INFO] strategy: 信号: HOLD | 强度: 0.205 | 价格: 77825.7 | ATR: 370.4 | EMA金叉(+0.80) | RSI=65.0(-0.40)
2026-04-17 17:01:00,836 [INFO] main: 等待 900s 到下一根K线...
2026-04-17 17:16:01,095 [INFO] main: ── 第 226 轮 | 17:16:01 UTC ──
2026-04-17 17:16:01,250 [INFO] strategy: 信号: HOLD | 强度: 0.320 | 价格: 77528.1 | ATR: 388.9 | EMA金叉(+0.80)
2026-04-17 17:16:01,251 [INFO] main: 等待 900s 到下一根K线...
2026-04-17 17:31:01,440 [INFO] main: ── 第 227 轮 | 17:31:01 UTC ──
2026-04-17 17:31:01,613 [INFO] strategy: 信号: HOLD | 强度: 0.320 | 价格: 77375.4 | ATR: 404.5 | EMA金叉(+0.80)
2026-04-17 17:31:01,613 [INFO] main: 等待 900s 到下一根K线...
2026-04-17 17:46:01,849 [INFO] main: ── 第 228 轮 | 17:46:01 UTC ──
2026-04-17 17:46:02,078 [INFO] strategy: 信号: HOLD | 强度: 0.298 | 价格: 77580.0 | ATR: 388.5 | EMA金叉(+0.75)
2026-04-17 17:46:02,080 [INFO] main: 等待 900s 到下一根K线...
2026-04-17 18:01:02,306 [INFO] main: ── 第 229 轮 | 18:01:02 UTC ──
2026-04-17 18:01:02,550 [INFO] strategy: 信号: HOLD | 强度: 0.138 | 价格: 77473.7 | ATR: 358.6 | EMA金叉(+0.63) | RSI=56.5(-0.40)
2026-04-17 18:01:02,550 [INFO] main: 等待 900s 到下一根K线...
2026-04-17 18:16:02,768 [INFO] main: ── 第 230 轮 | 18:16:02 UTC ──
2026-04-17 18:16:02,954 [INFO] strategy: 信号: HOLD | 强度: 0.339 | 价格: 77240.2 | ATR: 372.4 | EMA金叉(+0.42) | BB%=0.26(+0.60)
2026-04-17 18:16:02,955 [INFO] main: 等待 900s 到下一根K线...
2026-04-17 18:31:03,189 [INFO] main: ── 第 231 轮 | 18:31:03 UTC ──
2026-04-17 18:31:03,359 [INFO] strategy: 信号: HOLD | 强度: 0.291 | 价格: 77192.9 | ATR: 347.8 | EMA金叉(+0.30) | BB%=0.20(+0.60)
2026-04-17 18:31:03,359 [INFO] main: 等待 900s 到下一根K线...
2026-04-17 18:46:03,536 [INFO] main: ── 第 232 轮 | 18:46:03 UTC ──
2026-04-17 18:46:03,697 [INFO] strategy: 信号: HOLD | 强度: 0.120 | 价格: 77348.8 | ATR: 331.0 | 无明显信号
2026-04-17 18:46:03,697 [INFO] main: 等待 900s 到下一根K线...
2026-04-17 19:01:03,899 [INFO] main: ── 第 233 轮 | 19:01:03 UTC ──
2026-04-17 19:01:04,089 [INFO] strategy: 信号: HOLD | 强度: 0.236 | 价格: 77151.5 | ATR: 322.9 | BB%=0.16(+0.60)
2026-04-17 19:01:04,090 [INFO] main: 等待 900s 到下一根K线...
2026-04-17 19:16:04,341 [INFO] main: ── 第 234 轮 | 19:16:04 UTC ──
2026-04-17 19:16:04,496 [INFO] strategy: 信号: HOLD | 强度: 0.237 | 价格: 77327.3 | ATR: 318.1 | BB%=0.30(+0.60)
2026-04-17 19:16:04,497 [INFO] main: 等待 900s 到下一根K线...
2026-04-17 19:31:04,684 [INFO] main: ── 第 235 轮 | 19:31:04 UTC ──
2026-04-17 19:31:04,832 [INFO] strategy: 信号: HOLD | 强度: 0.060 | 价格: 77375.0 | ATR: 298.3 | 无明显信号
2026-04-17 19:31:04,833 [INFO] main: 等待 900s 到下一根K线...
2026-04-17 19:46:05,026 [INFO] main: ── 第 236 轮 | 19:46:05 UTC ──
2026-04-17 19:46:05,184 [INFO] strategy: 信号: HOLD | 强度: 0.216 | 价格: 77261.2 | ATR: 283.6 | BB%=0.29(+0.60)
2026-04-17 19:46:05,184 [INFO] main: 等待 900s 到下一根K线...
2026-04-17 20:01:05,421 [INFO] main: ── 第 237 轮 | 20:01:05 UTC ──
2026-04-17 20:01:05,586 [INFO] strategy: 信号: HOLD | 强度: 0.067 | 价格: 77456.4 | ATR: 276.8 | 无明显信号
2026-04-17 20:01:05,586 [INFO] main: 等待 900s 到下一根K线...
2026-04-17 20:16:05,774 [INFO] main: ── 第 238 轮 | 20:16:05 UTC ──
2026-04-17 20:16:05,952 [INFO] strategy: 信号: HOLD | 强度: 0.031 | 价格: 77510.5 | ATR: 262.1 | RSI=56.9(-0.40)
2026-04-17 20:16:05,952 [INFO] main: 等待 900s 到下一根K线...
2026-04-17 20:31:06,177 [INFO] main: ── 第 239 轮 | 20:31:06 UTC ──
2026-04-17 20:31:06,337 [INFO] strategy: 信号: HOLD | 强度: 0.212 | 价格: 77200.1 | ATR: 269.0 | BB%=0.27(+0.60)
2026-04-17 20:31:06,338 [INFO] main: 等待 900s 到下一根K线...
2026-04-17 20:46:06,577 [INFO] main: ── 第 240 轮 | 20:46:06 UTC ──
2026-04-17 20:46:06,739 [INFO] strategy: 信号: HOLD | 强度: 0.026 | 价格: 77216.2 | ATR: 244.0 | 无明显信号
2026-04-17 20:46:06,739 [INFO] main: 等待 900s 到下一根K线...
2026-04-17 21:01:06,928 [INFO] main: ── 第 241 轮 | 21:01:06 UTC ──
2026-04-17 21:01:07,080 [INFO] strategy: 信号: HOLD | 强度: 0.034 | 价格: 77325.1 | ATR: 227.3 | 无明显信号
2026-04-17 21:01:07,080 [INFO] main: 等待 900s 到下一根K线...
2026-04-17 21:16:07,297 [INFO] main: ── 第 242 轮 | 21:16:07 UTC ──
2026-04-17 21:16:07,456 [INFO] strategy: 信号: HOLD | 强度: 0.037 | 价格: 77357.7 | ATR: 212.9 | 无明显信号
2026-04-17 21:16:07,457 [INFO] main: 等待 900s 到下一根K线...
2026-04-17 21:31:07,706 [INFO] main: ── 第 243 轮 | 21:31:07 UTC ──
2026-04-17 21:31:07,853 [INFO] strategy: 信号: HOLD | 强度: 0.044 | 价格: 77392.1 | ATR: 210.5 | 无明显信号
2026-04-17 21:31:07,854 [INFO] main: 等待 900s 到下一根K线...
2026-04-17 21:46:08,122 [INFO] main: ── 第 244 轮 | 21:46:08 UTC ──
2026-04-17 21:46:08,277 [INFO] strategy: 信号: HOLD | 强度: 0.043 | 价格: 77391.7 | ATR: 205.1 | 无明显信号
2026-04-17 21:46:08,277 [INFO] main: 等待 900s 到下一根K线...
2026-04-17 22:01:08,526 [INFO] main: ── 第 245 轮 | 22:01:08 UTC ──
2026-04-17 22:01:08,679 [INFO] strategy: 信号: HOLD | 强度: 0.047 | 价格: 77418.9 | ATR: 189.5 | 无明显信号
2026-04-17 22:01:08,679 [INFO] main: 等待 900s 到下一根K线...
2026-04-17 22:16:08,926 [INFO] main: ── 第 246 轮 | 22:16:08 UTC ──
2026-04-17 22:16:09,083 [INFO] strategy: 信号: HOLD | 强度: 0.040 | 价格: 77369.5 | ATR: 187.2 | 无明显信号
2026-04-17 22:16:09,083 [INFO] main: 等待 900s 到下一根K线...
2026-04-17 22:31:09,282 [INFO] main: ── 第 247 轮 | 22:31:09 UTC ──
2026-04-17 22:31:09,454 [INFO] strategy: 信号: HOLD | 强度: 0.037 | 价格: 77379.2 | ATR: 176.2 | 无明显信号
2026-04-17 22:31:09,454 [INFO] main: 等待 900s 到下一根K线...
2026-04-17 22:46:09,677 [INFO] main: ── 第 248 轮 | 22:46:09 UTC ──
2026-04-17 22:46:09,826 [INFO] strategy: 信号: HOLD | 强度: 0.039 | 价格: 77418.2 | ATR: 169.5 | 无明显信号
2026-04-17 22:46:09,827 [INFO] main: 等待 900s 到下一根K线...
2026-04-17 23:01:10,003 [INFO] main: ── 第 249 轮 | 23:01:10 UTC ──
2026-04-17 23:01:10,148 [INFO] strategy: 信号: HOLD | 强度: 0.012 | 价格: 77276.2 | ATR: 165.2 | 无明显信号
2026-04-17 23:01:10,148 [INFO] main: 等待 900s 到下一根K线...
2026-04-17 23:16:10,345 [INFO] main: ── 第 250 轮 | 23:16:10 UTC ──
2026-04-17 23:16:10,498 [INFO] strategy: 信号: HOLD | 强度: 0.114 | 价格: 77178.8 | ATR: 157.2 | EMA死叉(-1.00) | BB%=0.09(+1.00)
2026-04-17 23:16:10,499 [INFO] main: 等待 900s 到下一根K线...
2026-04-17 23:31:10,684 [INFO] main: ── 第 251 轮 | 23:31:10 UTC ──
2026-04-17 23:31:10,846 [INFO] strategy: 信号: HOLD | 强度: 0.349 | 价格: 77084.3 | ATR: 173.7 | RSI=43.4(+0.40) | BB%=0.03(+1.00)
2026-04-17 23:31:10,847 [INFO] main: 等待 900s 到下一根K线...
2026-04-17 23:46:11,148 [INFO] main: ── 第 252 轮 | 23:46:11 UTC ──
2026-04-17 23:46:11,311 [INFO] strategy: 信号: HOLD | 强度: 0.330 | 价格: 77068.7 | ATR: 166.3 | RSI=43.0(+0.40) | BB%=0.06(+1.00)
2026-04-17 23:46:11,312 [INFO] main: 等待 900s 到下一根K线...
2026-04-18 00:01:11,496 [INFO] risk_manager: 日结: PnL=+0.0000 | 净值=100.00 | 交易次数=0
2026-04-18 00:01:11,497 [INFO] main: ── 第 253 轮 | 00:01:11 UTC ──
2026-04-18 00:01:11,649 [INFO] strategy: 信号: HOLD | 强度: 0.103 | 价格: 77153.3 | ATR: 170.8 | BB%=0.22(+0.60)
2026-04-18 00:01:11,650 [INFO] main: 等待 900s 到下一根K线...
2026-04-18 00:16:11,861 [INFO] main: ── 第 254 轮 | 00:16:11 UTC ──
2026-04-18 00:16:12,031 [INFO] strategy: 信号: HOLD | 强度: 0.102 | 价格: 77169.1 | ATR: 162.9 | BB%=0.27(+0.60)
2026-04-18 00:16:12,032 [INFO] main: 等待 900s 到下一根K线...
2026-04-18 00:31:12,218 [INFO] main: ── 第 255 轮 | 00:31:12 UTC ──
2026-04-18 00:31:12,389 [INFO] strategy: 信号: HOLD | 强度: 0.053 | 价格: 77226.3 | ATR: 152.5 | 无明显信号
2026-04-18 00:31:12,389 [INFO] main: 等待 900s 到下一根K线...
2026-04-18 00:46:12,591 [INFO] main: ── 第 256 轮 | 00:46:12 UTC ──
2026-04-18 00:46:12,794 [INFO] strategy: 信号: HOLD | 强度: 0.313 | 价格: 77012.0 | ATR: 165.2 | RSI=42.3(+0.40) | BB%=0.12(+1.00)
2026-04-18 00:46:12,794 [INFO] main: 等待 900s 到下一根K线...
2026-04-18 01:01:13,065 [INFO] main: ── 第 257 轮 | 01:01:13 UTC ──
2026-04-18 01:01:13,380 [INFO] strategy: 信号: HOLD | 强度: 0.104 | 价格: 77117.4 | ATR: 172.9 | BB%=0.27(+0.60)
2026-04-18 01:01:13,380 [INFO] main: 等待 900s 到下一根K线...
2026-04-18 01:16:13,639 [INFO] main: ── 第 258 轮 | 01:16:13 UTC ──
2026-04-18 01:16:13,783 [INFO] strategy: 信号: HOLD | 强度: 0.029 | 价格: 77292.0 | ATR: 169.9 | 无明显信号
2026-04-18 01:16:13,783 [INFO] main: 等待 900s 到下一根K线...
2026-04-18 01:31:13,988 [INFO] main: ── 第 259 轮 | 01:31:13 UTC ──
2026-04-18 01:31:14,133 [INFO] strategy: 信号: HOLD | 强度: 0.018 | 价格: 77286.3 | ATR: 151.6 | 无明显信号
2026-04-18 01:31:14,134 [INFO] main: 等待 900s 到下一根K线...
2026-04-18 01:46:14,309 [INFO] main: ── 第 260 轮 | 01:46:14 UTC ──
2026-04-18 01:46:14,456 [INFO] strategy: 信号: HOLD | 强度: 0.022 | 价格: 77231.4 | ATR: 147.9 | 无明显信号
2026-04-18 01:46:14,456 [INFO] main: 等待 900s 到下一根K线...
2026-04-18 02:01:14,654 [INFO] main: ── 第 261 轮 | 02:01:14 UTC ──
2026-04-18 02:01:14,819 [INFO] strategy: 信号: HOLD | 强度: 0.028 | 价格: 77158.5 | ATR: 150.9 | 无明显信号
2026-04-18 02:01:14,819 [INFO] main: 等待 900s 到下一根K线...
2026-04-18 02:16:15,051 [INFO] main: ── 第 262 轮 | 02:16:15 UTC ──
2026-04-18 02:16:15,201 [INFO] strategy: 信号: HOLD | 强度: 0.399 | 价格: 77353.9 | ATR: 160.9 | EMA金叉(+1.00)
2026-04-18 02:16:15,201 [INFO] main: 等待 900s 到下一根K线...
2026-04-18 02:31:15,417 [INFO] main: ── 第 263 轮 | 02:31:15 UTC ──
2026-04-18 02:31:15,585 [INFO] strategy: 信号: HOLD | 强度: 0.399 | 价格: 77272.9 | ATR: 151.8 | EMA金叉(+1.00)
2026-04-18 02:31:15,585 [INFO] main: 等待 900s 到下一根K线...
2026-04-18 02:46:15,783 [INFO] main: ── 第 264 轮 | 02:46:15 UTC ──
2026-04-18 02:46:15,940 [INFO] strategy: 信号: HOLD | 强度: 0.012 | 价格: 77307.1 | ATR: 145.4 | 无明显信号
2026-04-18 02:46:15,941 [INFO] main: 等待 900s 到下一根K线...
2026-04-18 03:01:16,186 [INFO] main: ── 第 265 轮 | 03:01:16 UTC ──
2026-04-18 03:01:16,353 [INFO] strategy: 信号: HOLD | 强度: 0.009 | 价格: 77259.3 | ATR: 134.7 | 无明显信号
2026-04-18 03:01:16,354 [INFO] main: 等待 900s 到下一根K线...
2026-04-18 03:16:16,586 [INFO] main: ── 第 266 轮 | 03:16:16 UTC ──
2026-04-18 03:16:16,727 [INFO] strategy: 信号: HOLD | 强度: 0.003 | 价格: 77219.0 | ATR: 127.6 | 无明显信号
2026-04-18 03:16:16,728 [INFO] main: 等待 900s 到下一根K线...
2026-04-18 03:31:16,974 [INFO] main: ── 第 267 轮 | 03:31:16 UTC ──
2026-04-18 03:31:17,164 [INFO] strategy: 信号: HOLD | 强度: 0.007 | 价格: 77202.2 | ATR: 123.4 | 无明显信号
2026-04-18 03:31:17,165 [INFO] main: 等待 900s 到下一根K线...
2026-04-18 03:46:17,356 [INFO] main: ── 第 268 轮 | 03:46:17 UTC ──
2026-04-18 03:46:17,700 [INFO] strategy: 信号: HOLD | 强度: 0.018 | 价格: 77161.9 | ATR: 115.4 | 无明显信号
2026-04-18 03:46:17,700 [INFO] main: 等待 900s 到下一根K线...
2026-04-18 04:01:17,916 [INFO] main: ── 第 269 轮 | 04:01:17 UTC ──
2026-04-18 04:01:18,076 [INFO] strategy: 信号: HOLD | 强度: 0.228 | 价格: 76963.2 | ATR: 132.0 | BB%=0.05(+1.00)
2026-04-18 04:01:18,076 [INFO] main: 等待 900s 到下一根K线...
2026-04-18 04:16:18,290 [INFO] main: ── 第 270 轮 | 04:16:18 UTC ──
2026-04-18 04:16:18,478 [INFO] strategy: 信号: HOLD | 强度: 0.119 | 价格: 77055.3 | ATR: 127.7 | BB%=0.21(+0.60)
2026-04-18 04:16:18,479 [INFO] main: 等待 900s 到下一根K线...
2026-04-18 04:31:18,726 [INFO] main: ── 第 271 轮 | 04:31:18 UTC ──
2026-04-18 04:31:18,888 [INFO] strategy: 信号: HOLD | 强度: 0.211 | 价格: 76944.2 | ATR: 132.5 | BB%=0.03(+1.00)
2026-04-18 04:31:18,889 [INFO] main: 等待 900s 到下一根K线...
2026-04-18 04:46:19,152 [INFO] main: ── 第 272 轮 | 04:46:19 UTC ──
2026-04-18 04:46:19,302 [INFO] strategy: 信号: HOLD | 强度: 0.214 | 价格: 77032.0 | ATR: 138.7 | RSI=42.6(+0.40) | BB%=0.21(+0.60)
2026-04-18 04:46:19,302 [INFO] main: 等待 900s 到下一根K线...
2026-04-18 05:01:19,570 [INFO] main: ── 第 273 轮 | 05:01:19 UTC ──
2026-04-18 05:01:19,783 [INFO] strategy: 信号: HOLD | 强度: 0.052 | 价格: 77145.0 | ATR: 139.2 | 无明显信号
2026-04-18 05:01:19,783 [INFO] main: 等待 900s 到下一根K线...
2026-04-18 05:16:19,995 [INFO] main: ── 第 274 轮 | 05:16:19 UTC ──
2026-04-18 05:16:20,141 [INFO] strategy: 信号: HOLD | 强度: 0.035 | 价格: 77182.4 | ATR: 136.5 | 无明显信号
2026-04-18 05:16:20,142 [INFO] main: 等待 900s 到下一根K线...
2026-04-18 05:31:20,417 [INFO] main: ── 第 275 轮 | 05:31:20 UTC ──
2026-04-18 05:31:20,571 [INFO] strategy: 信号: HOLD | 强度: 0.032 | 价格: 77154.9 | ATR: 129.2 | 无明显信号
2026-04-18 05:31:20,571 [INFO] main: 等待 900s 到下一根K线...
2026-04-18 05:46:20,751 [INFO] main: ── 第 276 轮 | 05:46:20 UTC ──
2026-04-18 05:46:20,912 [INFO] strategy: 信号: HOLD | 强度: 0.028 | 价格: 77150.2 | ATR: 120.9 | 无明显信号
2026-04-18 05:46:20,912 [INFO] main: 等待 900s 到下一根K线...
2026-04-18 06:01:21,205 [INFO] main: ── 第 277 轮 | 06:01:21 UTC ──
2026-04-18 06:01:21,379 [INFO] strategy: 信号: HOLD | 强度: 0.023 | 价格: 77165.3 | ATR: 111.5 | 无明显信号
2026-04-18 06:01:21,379 [INFO] main: 等待 900s 到下一根K线...
2026-04-18 06:16:21,591 [INFO] main: ── 第 278 轮 | 06:16:21 UTC ──
2026-04-18 06:16:21,747 [INFO] strategy: 信号: HOLD | 强度: 0.019 | 价格: 77157.2 | ATR: 108.4 | 无明显信号
2026-04-18 06:16:21,748 [INFO] main: 等待 900s 到下一根K线...
2026-04-18 06:31:22,016 [INFO] main: ── 第 279 轮 | 06:31:22 UTC ──
2026-04-18 06:31:22,168 [INFO] strategy: 信号: HOLD | 强度: 0.028 | 价格: 77095.5 | ATR: 112.0 | 无明显信号
2026-04-18 06:31:22,168 [INFO] main: 等待 900s 到下一根K线...
2026-04-18 06:46:22,379 [INFO] main: ── 第 280 轮 | 06:46:22 UTC ──
2026-04-18 06:46:22,536 [INFO] strategy: 信号: HOLD | 强度: 0.020 | 价格: 77147.5 | ATR: 102.0 | 无明显信号
2026-04-18 06:46:22,537 [INFO] main: 等待 900s 到下一根K线...
2026-04-18 07:01:22,757 [INFO] main: ── 第 281 轮 | 07:01:22 UTC ──
2026-04-18 07:01:22,911 [INFO] strategy: 信号: HOLD | 强度: 0.022 | 价格: 77113.8 | ATR: 97.0 | 无明显信号
2026-04-18 07:01:22,912 [INFO] main: 等待 900s 到下一根K线...
2026-04-18 07:16:23,114 [INFO] main: ── 第 282 轮 | 07:16:23 UTC ──
2026-04-18 07:16:23,262 [INFO] strategy: 信号: HOLD | 强度: 0.031 | 价格: 77064.3 | ATR: 88.9 | 无明显信号
2026-04-18 07:16:23,262 [INFO] main: 等待 900s 到下一根K线...
2026-04-18 07:31:23,515 [INFO] main: ── 第 283 轮 | 07:31:23 UTC ──
2026-04-18 07:31:23,731 [INFO] strategy: 信号: HOLD | 强度: 0.029 | 价格: 77077.8 | ATR: 87.4 | 无明显信号
2026-04-18 07:31:23,732 [INFO] main: 等待 900s 到下一根K线...
2026-04-18 07:46:23,962 [INFO] main: ── 第 284 轮 | 07:46:23 UTC ──
2026-04-18 07:46:24,124 [INFO] strategy: 信号: HOLD | 强度: 0.242 | 价格: 76991.3 | ATR: 96.6 | BB%=0.12(+1.00)
2026-04-18 07:46:24,125 [INFO] main: 等待 900s 到下一根K线...
2026-04-18 08:01:24,362 [INFO] main: ── 第 285 轮 | 08:01:24 UTC ──
2026-04-18 08:01:24,515 [INFO] strategy: 信号: HOLD | 强度: 0.070 | 价格: 77040.4 | ATR: 99.8 | RSI=44.3(+0.40)
2026-04-18 08:01:24,516 [INFO] main: 等待 900s 到下一根K线...
2026-04-18 08:16:24,727 [INFO] main: ── 第 286 轮 | 08:16:24 UTC ──
2026-04-18 08:16:24,930 [INFO] strategy: 信号: HOLD | 强度: 0.186 | 价格: 76711.1 | ATR: 121.9 | BB%=-0.21(+1.00)
2026-04-18 08:16:24,931 [INFO] main: 等待 900s 到下一根K线...
2026-04-18 08:31:25,157 [INFO] main: ── 第 287 轮 | 08:31:25 UTC ──
2026-04-18 08:31:25,315 [INFO] strategy: 信号: HOLD | 强度: 0.284 | 价格: 76750.9 | ATR: 132.8 | RSI=33.1(+0.40) | BB%=-0.01(+1.00)
2026-04-18 08:31:25,315 [INFO] main: 等待 900s 到下一根K线...
2026-04-18 08:46:25,524 [INFO] main: ── 第 288 轮 | 08:46:25 UTC ──
2026-04-18 08:46:25,683 [INFO] strategy: 信号: LONG | 强度: 0.416 | 价格: 76614.5 | ATR: 147.5 | EMA死叉(-0.39) | RSI=29.1(+1.00) | BB%=-0.02(+1.00)
2026-04-18 08:46:25,684 [INFO] trader: [spot] 准备下单: buy 0.00052 BTC @ ~76614.5 | SL=76393.3 TP=80062.2 | 信号强度=0.416
2026-04-18 08:46:25,782 [ERROR] okx_client: API 错误: All operations failed (code=1)
2026-04-18 08:46:25,782 [ERROR] okx_client: 下单失败: All operations failed
2026-04-18 08:46:25,782 [INFO] trader: [margin_2x] 准备下单: buy 0.00091 BTC @ ~76614.5 | SL=76393.3 TP=78912.9 | 信号强度=0.416
2026-04-18 08:46:25,834 [ERROR] okx_client: API 错误: All operations failed (code=1)
2026-04-18 08:46:25,834 [ERROR] okx_client: 下单失败: All operations failed
2026-04-18 08:46:25,834 [INFO] trader: [margin_3x] 准备下单: buy 0.00098 BTC @ ~76614.5 | SL=76393.3 TP=78146.8 | 信号强度=0.416
2026-04-18 08:46:25,894 [ERROR] okx_client: API 错误: All operations failed (code=1)
2026-04-18 08:46:25,894 [ERROR] okx_client: 下单失败: All operations failed
2026-04-18 08:46:25,894 [INFO] main: 等待 900s 到下一根K线...
2026-04-18 09:01:26,098 [INFO] main: ── 第 289 轮 | 09:01:26 UTC ──
2026-04-18 09:01:26,241 [INFO] strategy: 信号: HOLD | 强度: 0.134 | 价格: 76637.8 | ATR: 160.0 | EMA死叉(-0.38) | BB%=0.05(+1.00)
2026-04-18 09:01:26,242 [INFO] main: 等待 900s 到下一根K线...
2026-04-18 09:16:26,442 [INFO] main: ── 第 290 轮 | 09:16:26 UTC ──
2026-04-18 09:16:26,593 [INFO] strategy: 信号: HOLD | 强度: 0.223 | 价格: 76536.9 | ATR: 161.2 | EMA死叉(-0.44) | RSI=31.0(+0.40) | BB%=0.04(+1.00)
2026-04-18 09:16:26,594 [INFO] main: 等待 900s 到下一根K线...
2026-04-18 09:31:26,803 [INFO] main: ── 第 291 轮 | 09:31:26 UTC ──
2026-04-18 09:31:26,964 [INFO] strategy: 信号: HOLD | 强度: 0.109 | 价格: 76569.3 | ATR: 159.9 | EMA死叉(-0.44) | BB%=0.11(+1.00)
2026-04-18 09:31:26,965 [INFO] main: 等待 900s 到下一根K线...
2026-04-18 09:46:27,158 [INFO] main: ── 第 292 轮 | 09:46:27 UTC ──
2026-04-18 09:46:27,302 [INFO] strategy: 信号: HOLD | 强度: 0.122 | 价格: 76633.2 | ATR: 151.7 | EMA死叉(-0.41) | RSI=36.4(+0.40) | BB%=0.20(+0.60)
2026-04-18 09:46:27,302 [INFO] main: 等待 900s 到下一根K线...
2026-04-18 10:01:27,518 [INFO] main: ── 第 293 轮 | 10:01:27 UTC ──
2026-04-18 10:01:27,662 [INFO] strategy: 信号: HOLD | 强度: 0.004 | 价格: 76562.9 | ATR: 155.3 | EMA死叉(-0.42) | BB%=0.17(+0.60)
2026-04-18 10:01:27,662 [INFO] main: 等待 900s 到下一根K线...
2026-04-18 10:16:27,850 [INFO] main: ── 第 294 轮 | 10:16:27 UTC ──
2026-04-18 10:16:28,033 [INFO] strategy: 信号: HOLD | 强度: 0.190 | 价格: 76345.6 | ATR: 188.2 | EMA死叉(-0.53) | RSI=30.0(+0.40) | BB%=0.08(+1.00)
2026-04-18 10:16:28,034 [INFO] main: 等待 900s 到下一根K线...
2026-04-18 10:31:28,240 [INFO] main: ── 第 295 轮 | 10:31:28 UTC ──
2026-04-18 10:31:28,401 [INFO] strategy: 信号: HOLD | 强度: 0.062 | 价格: 76287.4 | ATR: 175.4 | EMA死叉(-0.56) | BB%=0.09(+1.00)
2026-04-18 10:31:28,402 [INFO] main: 等待 900s 到下一根K线...
2026-04-18 10:46:28,578 [INFO] main: ── 第 296 轮 | 10:46:28 UTC ──
2026-04-18 10:46:28,739 [INFO] strategy: 信号: HOLD | 强度: 0.041 | 价格: 76183.0 | ATR: 166.0 | EMA死叉(-0.61) | BB%=0.07(+1.00)
2026-04-18 10:46:28,739 [INFO] main: 等待 900s 到下一根K线...
2026-04-18 11:01:28,977 [INFO] main: ── 第 297 轮 | 11:01:28 UTC ──
2026-04-18 11:01:29,132 [INFO] strategy: 信号: HOLD | 强度: 0.030 | 价格: 76131.7 | ATR: 163.9 | EMA死叉(-0.64) | BB%=0.09(+1.00)
2026-04-18 11:01:29,133 [INFO] main: 等待 900s 到下一根K线...
2026-04-18 11:16:29,347 [INFO] main: ── 第 298 轮 | 11:16:29 UTC ──
2026-04-18 11:16:29,529 [INFO] strategy: 信号: HOLD | 强度: 0.281 | 价格: 75992.0 | ATR: 176.8 | EMA死叉(-0.73) | RSI=23.7(+1.00) | BB%=0.07(+1.00)
2026-04-18 11:16:29,530 [INFO] main: 等待 900s 到下一根K线...
2026-04-18 11:31:29,783 [INFO] main: ── 第 299 轮 | 11:31:29 UTC ──
2026-04-18 11:31:29,935 [INFO] strategy: 信号: HOLD | 强度: 0.012 | 价格: 76116.7 | ATR: 170.2 | EMA死叉(-0.68) | RSI=30.4(+0.40) | BB%=0.18(+0.60)
2026-04-18 11:31:29,935 [INFO] main: 等待 900s 到下一根K线...
2026-04-18 11:46:30,135 [INFO] main: ── 第 300 轮 | 11:46:30 UTC ──
2026-04-18 11:46:30,295 [INFO] strategy: 信号: HOLD | 强度: 0.032 | 价格: 75839.9 | ATR: 197.3 | EMA死叉(-0.79) | BB%=0.08(+1.00)
2026-04-18 11:46:30,296 [INFO] main: 等待 900s 到下一根K线...
2026-04-18 12:01:30,543 [INFO] main: ── 第 301 轮 | 12:01:30 UTC ──
2026-04-18 12:01:30,703 [INFO] strategy: 信号: HOLD | 强度: 0.016 | 价格: 76147.5 | ATR: 218.2 | EMA死叉(-0.67) | RSI=37.6(+0.40) | BB%=0.28(+0.60)
2026-04-18 12:01:30,704 [INFO] main: 等待 900s 到下一根K线...
2026-04-18 12:16:30,928 [INFO] main: ── 第 302 轮 | 12:16:30 UTC ──
2026-04-18 12:16:31,085 [INFO] strategy: 信号: HOLD | 强度: 0.117 | 价格: 76234.8 | ATR: 204.2 | EMA死叉(-0.58) | RSI=40.8(+0.40)
2026-04-18 12:16:31,085 [INFO] main: 等待 900s 到下一根K线...
2026-04-18 12:31:31,297 [INFO] main: ── 第 303 轮 | 12:31:31 UTC ──
2026-04-18 12:31:31,443 [INFO] strategy: 信号: HOLD | 强度: 0.106 | 价格: 76165.4 | ATR: 193.2 | EMA死叉(-0.55) | RSI=39.1(+0.40)
2026-04-18 12:31:31,443 [INFO] main: 等待 900s 到下一根K线...
2026-04-18 12:46:31,651 [INFO] main: ── 第 304 轮 | 12:46:31 UTC ──
2026-04-18 12:46:31,802 [INFO] strategy: 信号: HOLD | 强度: 0.080 | 价格: 76207.7 | ATR: 191.2 | EMA死叉(-0.49) | RSI=40.8(+0.40)
2026-04-18 12:46:31,803 [INFO] main: 等待 900s 到下一根K线...
2026-04-18 13:01:32,017 [INFO] main: ── 第 305 轮 | 13:01:32 UTC ──
2026-04-18 13:01:32,172 [INFO] strategy: 信号: HOLD | 强度: 0.177 | 价格: 76174.8 | ATR: 176.2 | EMA死叉(-0.44)
2026-04-18 13:01:32,172 [INFO] main: 等待 900s 到下一根K线...
2026-04-18 13:16:32,345 [INFO] main: ── 第 306 轮 | 13:16:32 UTC ──
2026-04-18 13:16:32,510 [INFO] strategy: 信号: HOLD | 强度: 0.168 | 价格: 76125.0 | ATR: 161.6 | EMA死叉(-0.42)
2026-04-18 13:16:32,510 [INFO] main: 等待 900s 到下一根K线...
2026-04-18 13:31:32,722 [INFO] main: ── 第 307 轮 | 13:31:32 UTC ──
2026-04-18 13:31:32,879 [INFO] strategy: 信号: HOLD | 强度: 0.001 | 价格: 76022.4 | ATR: 163.5 | EMA死叉(-0.43) | BB%=0.26(+0.60)
2026-04-18 13:31:32,879 [INFO] main: 等待 900s 到下一根K线...
2026-04-18 13:46:33,116 [INFO] main: ── 第 308 轮 | 13:46:33 UTC ──
2026-04-18 13:46:33,264 [INFO] strategy: 信号: HOLD | 强度: 0.016 | 价格: 75919.8 | ATR: 174.9 | EMA死叉(-0.47) | BB%=0.18(+0.60)
2026-04-18 13:46:33,265 [INFO] main: 等待 900s 到下一根K线...
2026-04-18 14:01:33,458 [INFO] main: ── 第 309 轮 | 14:01:33 UTC ──
2026-04-18 14:01:33,619 [INFO] strategy: 信号: HOLD | 强度: 0.029 | 价格: 76169.0 | ATR: 182.8 | EMA死叉(-0.36) | RSI=43.2(+0.40)
2026-04-18 14:01:33,619 [INFO] main: 等待 900s 到下一根K线...
2026-04-18 14:16:33,803 [INFO] main: ── 第 310 轮 | 14:16:33 UTC ──
2026-04-18 14:16:33,956 [INFO] strategy: 信号: HOLD | 强度: 0.010 | 价格: 76183.3 | ATR: 166.6 | EMA死叉(-0.31) | RSI=43.8(+0.40)
2026-04-18 14:16:33,956 [INFO] main: 等待 900s 到下一根K线...
2026-04-18 14:31:34,187 [INFO] main: ── 第 311 轮 | 14:31:34 UTC ──
2026-04-18 14:31:34,338 [INFO] strategy: 信号: HOLD | 强度: 0.003 | 价格: 76182.4 | ATR: 171.1 | RSI=44.1(+0.40)
2026-04-18 14:31:34,338 [INFO] main: 等待 900s 到下一根K线...
2026-04-18 14:46:34,527 [INFO] main: ── 第 312 轮 | 14:46:34 UTC ──
2026-04-18 14:46:34,692 [INFO] strategy: 信号: HOLD | 强度: 0.092 | 价格: 76213.9 | ATR: 171.6 | 无明显信号
2026-04-18 14:46:34,692 [INFO] main: 等待 900s 到下一根K线...
2026-04-18 15:01:34,919 [INFO] main: ── 第 313 轮 | 15:01:34 UTC ──
2026-04-18 15:01:35,078 [INFO] strategy: 信号: HOLD | 强度: 0.235 | 价格: 76298.7 | ATR: 162.3 | BB%=0.82(-0.60)
2026-04-18 15:01:35,079 [INFO] main: 等待 900s 到下一根K线...
2026-04-18 15:16:35,288 [INFO] main: ── 第 314 轮 | 15:16:35 UTC ──
2026-04-18 15:16:35,442 [INFO] strategy: 信号: HOLD | 强度: 0.231 | 价格: 76234.5 | ATR: 160.9 | BB%=0.72(-0.60)
2026-04-18 15:16:35,442 [INFO] main: 等待 900s 到下一根K线...
2026-04-18 15:31:35,691 [INFO] main: ── 第 315 轮 | 15:31:35 UTC ──
2026-04-18 15:31:35,868 [INFO] strategy: 信号: HOLD | 强度: 0.054 | 价格: 76213.8 | ATR: 156.6 | 无明显信号
2026-04-18 15:31:35,869 [INFO] main: 等待 900s 到下一根K线...
2026-04-18 15:46:36,136 [INFO] main: ── 第 316 轮 | 15:46:36 UTC ──
2026-04-18 15:46:36,300 [INFO] strategy: 信号: HOLD | 强度: 0.053 | 价格: 76146.1 | ATR: 147.7 | RSI=43.2(+0.40)
2026-04-18 15:46:36,301 [INFO] main: 等待 900s 到下一根K线...
2026-04-18 16:01:36,535 [INFO] main: ── 第 317 轮 | 16:01:36 UTC ──
2026-04-18 16:01:36,703 [INFO] strategy: 信号: HOLD | 强度: 0.066 | 价格: 76067.9 | ATR: 166.9 | 无明显信号
2026-04-18 16:01:36,704 [INFO] main: 等待 900s 到下一根K线...
2026-04-18 16:16:36,984 [INFO] main: ── 第 318 轮 | 16:16:36 UTC ──
2026-04-18 16:16:37,149 [INFO] strategy: 信号: HOLD | 强度: 0.052 | 价格: 76129.7 | ATR: 162.4 | 无明显信号
2026-04-18 16:16:37,149 [INFO] main: 等待 900s 到下一根K线...
2026-04-18 16:31:37,391 [INFO] main: ── 第 319 轮 | 16:31:37 UTC ──
2026-04-18 16:31:37,547 [INFO] strategy: 信号: HOLD | 强度: 0.056 | 价格: 76100.6 | ATR: 194.2 | RSI=41.8(+0.40)
2026-04-18 16:31:37,548 [INFO] main: 等待 900s 到下一根K线...
2026-04-18 16:46:37,757 [INFO] main: ── 第 320 轮 | 16:46:37 UTC ──
2026-04-18 16:46:37,910 [INFO] strategy: 信号: HOLD | 强度: 0.322 | 价格: 76012.6 | ATR: 185.2 | RSI=38.6(+0.40) | BB%=0.08(+1.00)
2026-04-18 16:46:37,911 [INFO] main: 等待 900s 到下一根K线...
2026-04-18 17:01:38,159 [INFO] main: ── 第 321 轮 | 17:01:38 UTC ──
2026-04-18 17:01:38,310 [INFO] strategy: 信号: HOLD | 强度: 0.186 | 价格: 75897.9 | ATR: 186.0 | BB%=-0.06(+1.00)
2026-04-18 17:01:38,310 [INFO] main: 等待 900s 到下一根K线...
2026-04-18 17:16:38,538 [INFO] main: ── 第 322 轮 | 17:16:38 UTC ──
2026-04-18 17:16:38,709 [INFO] strategy: 信号: HOLD | 强度: 0.284 | 价格: 75880.8 | ATR: 179.6 | RSI=35.1(+0.40) | BB%=0.03(+1.00)
2026-04-18 17:16:38,709 [INFO] main: 等待 900s 到下一根K线...
2026-04-18 17:31:38,915 [INFO] main: ── 第 323 轮 | 17:31:38 UTC ──
2026-04-18 17:31:39,104 [INFO] strategy: 信号: HOLD | 强度: 0.277 | 价格: 75872.1 | ATR: 168.2 | EMA死叉(-0.31) | RSI=34.6(+0.40) | BB%=0.08(+1.00)
2026-04-18 17:31:39,104 [INFO] main: 等待 900s 到下一根K线...
2026-04-18 17:46:39,339 [INFO] main: ── 第 324 轮 | 17:46:39 UTC ──
2026-04-18 17:46:39,502 [INFO] strategy: 信号: HOLD | 强度: 0.279 | 价格: 75886.0 | ATR: 147.6 | EMA死叉(-0.30) | RSI=35.6(+0.40) | BB%=0.15(+1.00)
2026-04-18 17:46:39,502 [INFO] main: 等待 900s 到下一根K线...
2026-04-18 18:01:39,722 [INFO] main: ── 第 325 轮 | 18:01:39 UTC ──
2026-04-18 18:01:40,071 [INFO] strategy: 信号: HOLD | 强度: 0.146 | 价格: 75748.9 | ATR: 146.8 | EMA死叉(-0.35) | BB%=0.02(+1.00)
2026-04-18 18:01:40,072 [INFO] main: 等待 900s 到下一根K线...
2026-04-18 18:16:40,275 [INFO] main: ── 第 326 轮 | 18:16:40 UTC ──
2026-04-18 18:16:40,437 [INFO] strategy: 信号: HOLD | 强度: 0.145 | 价格: 75752.6 | ATR: 143.8 | EMA死叉(-0.35) | BB%=0.07(+1.00)
2026-04-18 18:16:40,438 [INFO] main: 等待 900s 到下一根K线...
2026-04-18 18:31:40,693 [INFO] main: ── 第 327 轮 | 18:31:40 UTC ──
2026-04-18 18:31:40,850 [INFO] strategy: 信号: HOLD | 强度: 0.119 | 价格: 75613.1 | ATR: 150.6 | EMA死叉(-0.42) | BB%=-0.01(+1.00)
2026-04-18 18:31:40,851 [INFO] main: 等待 900s 到下一根K线...
2026-04-18 18:46:41,131 [INFO] main: ── 第 328 轮 | 18:46:41 UTC ──
2026-04-18 18:46:41,281 [INFO] strategy: 信号: HOLD | 强度: 0.228 | 价格: 75662.3 | ATR: 164.7 | EMA死叉(-0.43) | RSI=31.8(+0.40) | BB%=0.12(+1.00)
2026-04-18 18:46:41,281 [INFO] main: 等待 900s 到下一根K线...
2026-04-18 19:01:41,522 [INFO] main: ── 第 329 轮 | 19:01:41 UTC ──
2026-04-18 19:01:41,674 [INFO] strategy: 信号: HOLD | 强度: 0.117 | 价格: 75684.6 | ATR: 161.7 | EMA死叉(-0.42) | RSI=33.4(+0.40) | BB%=0.18(+0.60)
2026-04-18 19:01:41,675 [INFO] main: 等待 900s 到下一根K线...
2026-04-18 19:16:41,901 [INFO] main: ── 第 330 轮 | 19:16:41 UTC ──
2026-04-18 19:16:42,058 [INFO] strategy: 信号: HOLD | 强度: 0.029 | 价格: 75799.9 | ATR: 158.9 | EMA死叉(-0.36) | RSI=40.6(+0.40)
2026-04-18 19:16:42,058 [INFO] main: 等待 900s 到下一根K线...
2026-04-18 19:31:42,253 [INFO] main: ── 第 331 轮 | 19:31:42 UTC ──
2026-04-18 19:31:42,406 [INFO] strategy: 信号: HOLD | 强度: 0.020 | 价格: 75661.5 | ATR: 157.9 | EMA死叉(-0.38) | BB%=0.21(+0.60)
2026-04-18 19:31:42,407 [INFO] main: 等待 900s 到下一根K线...
2026-04-18 19:46:42,585 [INFO] main: ── 第 332 轮 | 19:46:42 UTC ──
2026-04-18 19:46:42,734 [INFO] strategy: 信号: HOLD | 强度: 0.012 | 价格: 75597.1 | ATR: 149.7 | EMA死叉(-0.40) | BB%=0.18(+0.60)
2026-04-18 19:46:42,734 [INFO] main: 等待 900s 到下一根K线...
2026-04-18 20:01:42,937 [INFO] main: ── 第 333 轮 | 20:01:42 UTC ──
2026-04-18 20:01:43,174 [INFO] strategy: 信号: HOLD | 强度: 0.020 | 价格: 75604.6 | ATR: 147.4 | EMA死叉(-0.38) | BB%=0.20(+0.60)
2026-04-18 20:01:43,175 [INFO] main: 等待 900s 到下一根K线...
2026-04-18 20:16:43,419 [INFO] main: ── 第 334 轮 | 20:16:43 UTC ──
2026-04-18 20:16:43,582 [INFO] strategy: 信号: HOLD | 强度: 0.011 | 价格: 75733.2 | ATR: 141.5 | EMA死叉(-0.31) | RSI=41.0(+0.40)
2026-04-18 20:16:43,583 [INFO] main: 等待 900s 到下一根K线...
2026-04-18 20:31:43,845 [INFO] main: ── 第 335 轮 | 20:31:43 UTC ──
2026-04-18 20:31:44,003 [INFO] strategy: 信号: HOLD | 强度: 0.000 | 价格: 75732.7 | ATR: 135.6 | RSI=41.1(+0.40)
2026-04-18 20:31:44,003 [INFO] main: 等待 900s 到下一根K线...
2026-04-18 20:46:44,266 [INFO] main: ── 第 336 轮 | 20:46:44 UTC ──
2026-04-18 20:46:44,421 [INFO] strategy: 信号: HOLD | 强度: 0.087 | 价格: 75820.9 | ATR: 130.3 | 无明显信号
2026-04-18 20:46:44,421 [INFO] main: 等待 900s 到下一根K线...
2026-04-18 21:01:44,699 [INFO] main: ── 第 337 轮 | 21:01:44 UTC ──
2026-04-18 21:01:44,839 [INFO] strategy: 信号: HOLD | 强度: 0.079 | 价格: 75795.9 | ATR: 127.4 | 无明显信号
2026-04-18 21:01:44,839 [INFO] main: 等待 900s 到下一根K线...
2026-04-18 21:16:45,114 [INFO] main: ── 第 338 轮 | 21:16:45 UTC ──
2026-04-18 21:16:45,287 [INFO] strategy: 信号: HOLD | 强度: 0.081 | 价格: 75711.3 | ATR: 125.5 | 无明显信号
2026-04-18 21:16:45,288 [INFO] main: 等待 900s 到下一根K线...
2026-04-18 21:31:45,542 [INFO] main: ── 第 339 轮 | 21:31:45 UTC ──
2026-04-18 21:31:45,696 [INFO] strategy: 信号: HOLD | 强度: 0.073 | 价格: 75713.2 | ATR: 125.7 | 无明显信号
2026-04-18 21:31:45,697 [INFO] main: 等待 900s 到下一根K线...
2026-04-18 21:46:45,963 [INFO] main: ── 第 340 轮 | 21:46:45 UTC ──
2026-04-18 21:46:46,121 [INFO] strategy: 信号: HOLD | 强度: 0.051 | 价格: 75749.5 | ATR: 123.1 | RSI=43.5(+0.40)
2026-04-18 21:46:46,122 [INFO] main: 等待 900s 到下一根K线...
2026-04-18 22:01:46,352 [INFO] main: ── 第 341 轮 | 22:01:46 UTC ──
2026-04-18 22:01:46,495 [INFO] strategy: 信号: HOLD | 强度: 0.046 | 价格: 75782.4 | ATR: 117.3 | 无明显信号
2026-04-18 22:01:46,496 [INFO] main: 等待 900s 到下一根K线...
2026-04-18 22:16:46,687 [INFO] main: ── 第 342 轮 | 22:16:46 UTC ──
2026-04-18 22:16:46,844 [INFO] strategy: 信号: HOLD | 强度: 0.217 | 价格: 75644.4 | ATR: 125.9 | RSI=40.1(+0.40) | BB%=0.28(+0.60)
2026-04-18 22:16:46,844 [INFO] main: 等待 900s 到下一根K线...
2026-04-18 22:31:47,095 [INFO] main: ── 第 343 轮 | 22:31:47 UTC ──
2026-04-18 22:31:47,245 [INFO] strategy: 信号: HOLD | 强度: 0.052 | 价格: 75737.1 | ATR: 120.4 | 无明显信号
2026-04-18 22:31:47,245 [INFO] main: 等待 900s 到下一根K线...
2026-04-18 22:46:47,480 [INFO] main: ── 第 344 轮 | 22:46:47 UTC ──
2026-04-18 22:46:47,641 [INFO] strategy: 信号: HOLD | 强度: 0.316 | 价格: 75838.7 | ATR: 123.7 | BB%=0.93(-1.00)
2026-04-18 22:46:47,641 [INFO] main: 等待 900s 到下一根K线...
2026-04-18 23:01:47,836 [INFO] main: ── 第 345 轮 | 23:01:47 UTC ──
2026-04-18 23:01:47,985 [INFO] strategy: 信号: HOLD | 强度: 0.307 | 价格: 75818.8 | ATR: 113.2 | BB%=0.86(-1.00)
2026-04-18 23:01:47,985 [INFO] main: 等待 900s 到下一根K线...
2026-04-18 23:16:48,210 [INFO] main: ── 第 346 轮 | 23:16:48 UTC ──
2026-04-18 23:16:48,363 [INFO] strategy: 信号: HOLD | 强度: 0.296 | 价格: 75842.3 | ATR: 110.8 | BB%=0.89(-1.00)
2026-04-18 23:16:48,364 [INFO] main: 等待 900s 到下一根K线...
2026-04-18 23:31:48,624 [INFO] main: ── 第 347 轮 | 23:31:48 UTC ──
2026-04-18 23:31:48,771 [INFO] strategy: 信号: HOLD | 强度: 0.013 | 价格: 75772.1 | ATR: 103.6 | 无明显信号
2026-04-18 23:31:48,771 [INFO] main: 等待 900s 到下一根K线...
2026-04-18 23:46:49,001 [INFO] main: ── 第 348 轮 | 23:46:49 UTC ──
2026-04-18 23:46:49,154 [INFO] strategy: 信号: HOLD | 强度: 0.014 | 价格: 75756.9 | ATR: 99.8 | 无明显信号
2026-04-18 23:46:49,154 [INFO] main: 等待 900s 到下一根K线...
2026-04-19 00:01:49,392 [INFO] risk_manager: 日结: PnL=+0.0000 | 净值=100.00 | 交易次数=0
2026-04-19 00:01:49,392 [INFO] main: ── 第 349 轮 | 00:01:49 UTC ──
2026-04-19 00:01:49,554 [INFO] strategy: 信号: HOLD | 强度: 0.022 | 价格: 75727.6 | ATR: 100.5 | 无明显信号
2026-04-19 00:01:49,555 [INFO] main: 等待 900s 到下一根K线...
2026-04-19 00:16:49,751 [INFO] main: ── 第 350 轮 | 00:16:49 UTC ──
2026-04-19 00:16:49,902 [INFO] strategy: 信号: HOLD | 强度: 0.023 | 价格: 75686.6 | ATR: 114.3 | 无明显信号
2026-04-19 00:16:49,902 [INFO] main: 等待 900s 到下一根K线...
2026-04-19 00:31:50,150 [INFO] main: ── 第 351 轮 | 00:31:50 UTC ──
2026-04-19 00:31:50,341 [INFO] strategy: 信号: HOLD | 强度: 0.247 | 价格: 75646.7 | ATR: 114.9 | RSI=42.2(+0.40) | BB%=0.17(+0.60)
2026-04-19 00:31:50,342 [INFO] main: 等待 900s 到下一根K线...
2026-04-19 00:46:50,586 [INFO] main: ── 第 352 轮 | 00:46:50 UTC ──
2026-04-19 00:46:50,744 [INFO] strategy: 信号: HOLD | 强度: 0.348 | 价格: 75620.2 | ATR: 113.0 | RSI=41.4(+0.40) | BB%=0.14(+1.00)
2026-04-19 00:46:50,744 [INFO] main: 等待 900s 到下一根K线...
2026-04-19 01:01:50,959 [INFO] main: ── 第 353 轮 | 01:01:50 UTC ──
2026-04-19 01:01:51,109 [INFO] strategy: 信号: HOLD | 强度: 0.034 | 价格: 75759.2 | ATR: 121.0 | 无明显信号
2026-04-19 01:01:51,109 [INFO] main: 等待 900s 到下一根K线...
2026-04-19 01:16:51,309 [INFO] main: ── 第 354 轮 | 01:16:51 UTC ──
2026-04-19 01:16:51,458 [INFO] strategy: 信号: HOLD | 强度: 0.125 | 价格: 75629.4 | ATR: 120.3 | BB%=0.18(+0.60)
2026-04-19 01:16:51,459 [INFO] main: 等待 900s 到下一根K线...
2026-04-19 01:31:51,687 [INFO] main: ── 第 355 轮 | 01:31:51 UTC ──
2026-04-19 01:31:51,837 [INFO] strategy: 信号: HOLD | 强度: 0.215 | 价格: 75499.5 | ATR: 124.3 | BB%=-0.05(+1.00)
2026-04-19 01:31:51,837 [INFO] main: 等待 900s 到下一根K线...
2026-04-19 01:46:52,045 [INFO] main: ── 第 356 轮 | 01:46:52 UTC ──
2026-04-19 01:46:52,196 [INFO] strategy: 信号: HOLD | 强度: 0.220 | 价格: 75581.3 | ATR: 116.0 | RSI=41.4(+0.40) | BB%=0.18(+0.60)
2026-04-19 01:46:52,196 [INFO] main: 等待 900s 到下一根K线...
2026-04-19 02:01:52,401 [INFO] main: ── 第 357 轮 | 02:01:52 UTC ──
2026-04-19 02:01:52,567 [INFO] strategy: 信号: HOLD | 强度: 0.111 | 价格: 75588.9 | ATR: 111.6 | BB%=0.21(+0.60)
2026-04-19 02:01:52,567 [INFO] main: 等待 900s 到下一根K线...
2026-04-19 02:16:52,785 [INFO] main: ── 第 358 轮 | 02:16:52 UTC ──
2026-04-19 02:16:52,936 [INFO] strategy: 信号: HOLD | 强度: 0.051 | 价格: 75624.4 | ATR: 104.7 | 无明显信号
2026-04-19 02:16:52,937 [INFO] main: 等待 900s 到下一根K线...
2026-04-19 02:31:53,168 [INFO] main: ── 第 359 轮 | 02:31:53 UTC ──
2026-04-19 02:31:53,325 [INFO] strategy: 信号: HOLD | 强度: 0.208 | 价格: 75466.9 | ATR: 129.1 | BB%=0.04(+1.00)
2026-04-19 02:31:53,325 [INFO] main: 等待 900s 到下一根K线...
2026-04-19 02:46:53,543 [INFO] main: ── 第 360 轮 | 02:46:53 UTC ──
2026-04-19 02:46:53,693 [INFO] strategy: 信号: HOLD | 强度: 0.045 | 价格: 75669.2 | ATR: 146.7 | 无明显信号
2026-04-19 02:46:53,694 [INFO] main: 等待 900s 到下一根K线...
2026-04-19 03:01:53,960 [INFO] main: ── 第 361 轮 | 03:01:53 UTC ──
2026-04-19 03:01:54,122 [INFO] strategy: 信号: HOLD | 强度: 0.217 | 价格: 75508.5 | ATR: 147.6 | RSI=41.7(+0.40) | BB%=0.15(+0.60)
2026-04-19 03:01:54,122 [INFO] main: 等待 900s 到下一根K线...
2026-04-19 03:16:54,380 [INFO] main: ── 第 362 轮 | 03:16:54 UTC ──
2026-04-19 03:16:54,535 [INFO] strategy: 信号: HOLD | 强度: 0.222 | 价格: 75538.9 | ATR: 148.8 | RSI=43.3(+0.40) | BB%=0.24(+0.60)
2026-04-19 03:16:54,535 [INFO] main: 等待 900s 到下一根K线...
2026-04-19 03:31:54,739 [INFO] main: ── 第 363 轮 | 03:31:54 UTC ──
2026-04-19 03:31:54,898 [INFO] strategy: 信号: HOLD | 强度: 0.104 | 价格: 75501.5 | ATR: 142.8 | BB%=0.19(+0.60)
2026-04-19 03:31:54,898 [INFO] main: 等待 900s 到下一根K线...
2026-04-19 03:46:55,130 [INFO] main: ── 第 364 轮 | 03:46:55 UTC ──
2026-04-19 03:46:55,281 [INFO] strategy: 信号: HOLD | 强度: 0.046 | 价格: 75612.6 | ATR: 133.8 | 无明显信号
2026-04-19 03:46:55,281 [INFO] main: 等待 900s 到下一根K线...
2026-04-19 04:01:55,500 [INFO] main: ── 第 365 轮 | 04:01:55 UTC ──
2026-04-19 04:01:55,661 [INFO] strategy: 信号: HOLD | 强度: 0.052 | 价格: 75563.4 | ATR: 138.4 | 无明显信号
2026-04-19 04:01:55,662 [INFO] main: 等待 900s 到下一根K线...
2026-04-19 04:16:55,945 [INFO] main: ── 第 366 轮 | 04:16:55 UTC ──
2026-04-19 04:16:56,104 [INFO] strategy: 信号: HOLD | 强度: 0.189 | 价格: 75725.2 | ATR: 146.6 | BB%=0.80(-0.60)
2026-04-19 04:16:56,104 [INFO] main: 等待 900s 到下一根K线...
2026-04-19 04:31:56,339 [INFO] main: ── 第 367 轮 | 04:31:56 UTC ──
2026-04-19 04:31:56,507 [INFO] strategy: 信号: HOLD | 强度: 0.020 | 价格: 75616.8 | ATR: 144.7 | 无明显信号
2026-04-19 04:31:56,508 [INFO] main: 等待 900s 到下一根K线...
2026-04-19 04:46:56,765 [INFO] main: ── 第 368 轮 | 04:46:56 UTC ──
2026-04-19 04:46:56,931 [INFO] strategy: 信号: HOLD | 强度: 0.028 | 价格: 75575.5 | ATR: 155.9 | 无明显信号
2026-04-19 04:46:56,932 [INFO] main: 等待 900s 到下一根K线...
2026-04-19 05:01:57,202 [INFO] main: ── 第 369 轮 | 05:01:57 UTC ──
2026-04-19 05:01:57,361 [INFO] strategy: 信号: HOLD | 强度: 0.178 | 价格: 75688.5 | ATR: 156.3 | BB%=0.81(-0.60)
2026-04-19 05:01:57,361 [INFO] main: 等待 900s 到下一根K线...
2026-04-19 05:16:57,640 [INFO] main: ── 第 370 轮 | 05:16:57 UTC ──
2026-04-19 05:16:57,990 [INFO] strategy: 信号: HOLD | 强度: 0.025 | 价格: 75558.2 | ATR: 155.2 | 无明显信号
2026-04-19 05:16:57,990 [INFO] main: 等待 900s 到下一根K线...
2026-04-19 05:31:58,236 [INFO] main: ── 第 371 轮 | 05:31:58 UTC ──
2026-04-19 05:31:58,399 [INFO] strategy: 信号: HOLD | 强度: 0.016 | 价格: 75648.0 | ATR: 149.3 | 无明显信号
2026-04-19 05:31:58,400 [INFO] main: 等待 900s 到下一根K线...
2026-04-19 05:46:58,597 [INFO] main: ── 第 372 轮 | 05:46:58 UTC ──
2026-04-19 05:46:58,759 [INFO] strategy: 信号: HOLD | 强度: 0.020 | 价格: 75587.3 | ATR: 131.1 | 无明显信号
2026-04-19 05:46:58,760 [INFO] main: 等待 900s 到下一根K线...
2026-04-19 06:01:58,993 [INFO] main: ── 第 373 轮 | 06:01:58 UTC ──
2026-04-19 06:01:59,188 [INFO] strategy: 信号: HOLD | 强度: 0.141 | 价格: 75518.7 | ATR: 126.5 | BB%=0.27(+0.60)
2026-04-19 06:01:59,189 [INFO] main: 等待 900s 到下一根K线...
2026-04-19 06:16:59,406 [INFO] main: ── 第 374 轮 | 06:16:59 UTC ──
2026-04-19 06:16:59,568 [INFO] strategy: 信号: HOLD | 强度: 0.244 | 价格: 75385.2 | ATR: 138.2 | BB%=-0.02(+1.00) | 量比=1.0
2026-04-19 06:16:59,568 [INFO] main: 等待 900s 到下一根K线...
2026-04-19 06:31:59,824 [INFO] main: ── 第 375 轮 | 06:31:59 UTC ──
2026-04-19 06:31:59,978 [INFO] strategy: 信号: HOLD | 强度: 0.226 | 价格: 75447.0 | ATR: 131.5 | RSI=42.8(+0.40) | BB%=0.18(+0.60)
2026-04-19 06:31:59,979 [INFO] main: 等待 900s 到下一根K线...
2026-04-19 06:47:00,257 [INFO] main: ── 第 376 轮 | 06:47:00 UTC ──
2026-04-19 06:47:00,414 [INFO] strategy: 信号: HOLD | 强度: 0.219 | 价格: 75410.0 | ATR: 118.9 | BB%=0.13(+1.00)
2026-04-19 06:47:00,414 [INFO] main: 等待 900s 到下一根K线...
2026-04-19 07:02:00,641 [INFO] main: ── 第 377 轮 | 07:02:00 UTC ──
2026-04-19 07:02:00,817 [INFO] strategy: 信号: HOLD | 强度: 0.212 | 价格: 75380.6 | ATR: 110.6 | BB%=0.11(+1.00)
2026-04-19 07:02:00,818 [INFO] main: 等待 900s 到下一根K线...
2026-04-19 07:17:01,126 [INFO] main: ── 第 378 轮 | 07:17:01 UTC ──
2026-04-19 07:17:01,328 [INFO] strategy: 信号: HOLD | 强度: 0.176 | 价格: 75188.0 | ATR: 121.4 | BB%=-0.09(+1.00)
2026-04-19 07:17:01,329 [INFO] main: 等待 900s 到下一根K线...
2026-04-19 07:32:01,604 [INFO] main: ── 第 379 轮 | 07:32:01 UTC ──
2026-04-19 07:32:01,838 [INFO] strategy: 信号: HOLD | 强度: 0.250 | 价格: 75098.0 | ATR: 154.3 | EMA死叉(-0.37) | RSI=33.7(+0.40) | BB%=-0.01(+1.00)
2026-04-19 07:32:01,839 [INFO] main: 等待 900s 到下一根K线...
2026-04-19 07:47:02,056 [INFO] main: ── 第 380 轮 | 07:47:02 UTC ──
2026-04-19 07:47:02,227 [INFO] strategy: 信号: HOLD | 强度: 0.158 | 价格: 75192.7 | ATR: 158.8 | EMA死叉(-0.35) | BB%=0.13(+1.00) | 量比=1.1
2026-04-19 07:47:02,227 [INFO] main: 等待 900s 到下一根K线...
2026-04-19 08:02:02,419 [INFO] main: ── 第 381 轮 | 08:02:02 UTC ──
2026-04-19 08:02:02,596 [INFO] strategy: 信号: HOLD | 强度: 0.038 | 价格: 75204.5 | ATR: 161.0 | EMA死叉(-0.33) | BB%=0.18(+0.60)
2026-04-19 08:02:02,596 [INFO] main: 等待 900s 到下一根K线...
2026-04-19 08:17:02,819 [INFO] main: ── 第 382 轮 | 08:17:02 UTC ──
2026-04-19 08:17:03,026 [INFO] strategy: 信号: HOLD | 强度: 0.000 | 价格: 75295.8 | ATR: 148.6 | RSI=43.3(+0.40)
2026-04-19 08:17:03,027 [INFO] main: 等待 900s 到下一根K线...
2026-04-19 08:32:03,239 [INFO] main: ── 第 383 轮 | 08:32:03 UTC ──
2026-04-19 08:32:03,402 [INFO] strategy: 信号: HOLD | 强度: 0.145 | 价格: 75103.6 | ATR: 159.1 | EMA死叉(-0.35) | BB%=0.14(+1.00)
2026-04-19 08:32:03,403 [INFO] main: 等待 900s 到下一根K线...
2026-04-19 08:38:29,838 [ERROR] okx_client: API 错误: All operations failed (code=1)
2026-04-19 08:39:32,177 [ERROR] okx_client: API 错误: All operations failed (code=1)
2026-04-19 08:39:32,227 [ERROR] okx_client: API 错误: All operations failed (code=1)
2026-04-19 08:39:32,319 [ERROR] okx_client: API 错误: All operations failed (code=1)
2026-04-19 08:39:32,414 [ERROR] okx_client: API 错误: All operations failed (code=1)
2026-04-19 08:39:32,531 [ERROR] okx_client: API 错误: All operations failed (code=1)
2026-04-19 08:39:32,634 [ERROR] okx_client: API 错误: All operations failed (code=1)
2026-04-19 08:39:32,747 [ERROR] okx_client: API 错误: All operations failed (code=1)
2026-04-19 08:39:32,894 [ERROR] okx_client: API 错误: All operations failed (code=1)
2026-04-19 08:40:24,107 [INFO] okx_client: 下单成功: buy 0.00052 BTC-USDT | ordId=3492533995332198400
2026-04-19 08:40:25,224 [INFO] okx_client: 下单成功: sell 0.00052 BTC-USDT | ordId=3492534032812498944
2026-04-19 08:40:37,664 [INFO] main: 收到终止信号，正在安全退出...
2026-04-19 08:40:38,540 [INFO] main: 程序已安全退出
2026-04-19 08:40:41,739 [INFO] main: >>> ⚠️  实盘模式启动 — 将进行真实交易 <<<
2026-04-19 08:40:41,739 [WARNING] main: 当前连接 OKX 真实环境！请确认资金充足！
2026-04-19 08:40:41,739 [INFO] trader: === 初始化交易环境 ===
2026-04-19 08:40:41,914 [INFO] trader: 账户模式设置: 
2026-04-19 08:40:42,469 [INFO] trader: 设置 margin_2x 杠杆 2x: 
2026-04-19 08:40:43,031 [INFO] trader: 设置 margin_3x 杠杆 3x: 
2026-04-19 08:40:43,081 [INFO] trader: USDT 可用余额: 46.04375432628413
2026-04-19 08:40:43,081 [INFO] trader: === 初始化完成 ===
2026-04-19 08:40:43,081 [INFO] main: ── 第 1 轮 | 08:40:43 UTC ──
2026-04-19 08:40:43,192 [INFO] strategy: 信号: HOLD | 强度: 0.187 | 价格: 75207.8 | ATR: 171.2 | EMA死叉(-0.32) | RSI=41.4(+0.40) | BB%=0.25(+0.60) | 量比=1.7
2026-04-19 08:40:43,193 [INFO] main: 等待 900s 到下一根K线...
2026-04-19 08:55:43,416 [INFO] main: ── 第 2 轮 | 08:55:43 UTC ──
2026-04-19 08:55:43,577 [INFO] strategy: 信号: HOLD | 强度: 0.000 | 价格: 75257.4 | ATR: 160.7 | RSI=43.7(+0.40)
2026-04-19 08:55:43,578 [INFO] main: 等待 900s 到下一根K线...
2026-04-19 09:10:43,851 [INFO] main: ── 第 3 轮 | 09:10:43 UTC ──
2026-04-19 09:10:44,006 [INFO] strategy: 信号: HOLD | 强度: 0.061 | 价格: 75197.1 | ATR: 153.3 | BB%=0.27(+0.60)
2026-04-19 09:10:44,006 [INFO] main: 等待 900s 到下一根K线...
2026-04-19 09:25:44,225 [INFO] main: ── 第 4 轮 | 09:25:44 UTC ──
2026-04-19 09:25:44,367 [INFO] strategy: 信号: HOLD | 强度: 0.158 | 价格: 75026.2 | ATR: 155.0 | EMA死叉(-0.32) | BB%=0.10(+1.00)
2026-04-19 09:25:44,367 [INFO] main: 等待 900s 到下一根K线...
2026-04-19 09:27:18,891 [INFO] main: 收到终止信号，正在安全退出...
2026-04-19 09:27:20,514 [INFO] main: >>> ⚠️  实盘模式启动 — 将进行真实交易 <<<
2026-04-19 09:27:20,514 [WARNING] main: 当前连接 OKX 真实环境！请确认资金充足！
2026-04-19 09:27:20,514 [INFO] trader: === 初始化交易环境 ===
2026-04-19 09:27:20,668 [INFO] trader: 账户模式设置: 
2026-04-19 09:27:21,225 [INFO] trader: 设置 margin_2x 杠杆 2x: 
2026-04-19 09:27:21,778 [INFO] trader: 设置 margin_3x 杠杆 3x: 
2026-04-19 09:27:21,829 [INFO] trader: USDT 可用余额: 46.04375432628413
2026-04-19 09:27:21,829 [INFO] trader: === 初始化完成 ===
2026-04-19 09:27:21,829 [INFO] main: ── 第 1 轮 | 09:27:21 UTC ──
2026-04-19 09:27:21,911 [INFO] strategy: 信号: HOLD | 强度: 0.156 | 价格: 75008.6 | ATR: 164.0 | EMA死叉(-0.32) | BB%=0.08(+1.00)
2026-04-19 09:27:21,912 [INFO] main: 等待 900s 到下一根K线...
2026-04-19 09:42:22,119 [INFO] main: ── 第 2 轮 | 09:42:22 UTC ──
2026-04-19 09:42:22,279 [INFO] strategy: 信号: HOLD | 强度: 0.047 | 价格: 75077.5 | ATR: 156.4 | EMA死叉(-0.31) | BB%=0.19(+0.60)
2026-04-19 09:42:22,279 [INFO] main: 等待 900s 到下一根K线...
2026-04-19 09:57:22,501 [INFO] main: ── 第 3 轮 | 09:57:22 UTC ──
2026-04-19 09:57:22,659 [INFO] strategy: 信号: HOLD | 强度: 0.148 | 价格: 74978.1 | ATR: 154.3 | EMA死叉(-0.34) | BB%=0.10(+1.00)
2026-04-19 09:57:22,660 [INFO] main: 等待 900s 到下一根K线...
2026-04-19 10:12:22,855 [INFO] main: ── 第 4 轮 | 10:12:22 UTC ──
2026-04-19 10:12:23,060 [INFO] strategy: 信号: HOLD | 强度: 0.153 | 价格: 75045.8 | ATR: 155.4 | EMA死叉(-0.33) | RSI=37.2(+0.40) | BB%=0.21(+0.60)
2026-04-19 10:12:23,061 [INFO] main: 等待 900s 到下一根K线...
2026-04-19 10:27:23,306 [INFO] main: ── 第 5 轮 | 10:27:23 UTC ──
2026-04-19 10:27:23,462 [INFO] strategy: 信号: HOLD | 强度: 0.156 | 价格: 75058.7 | ATR: 147.4 | EMA死叉(-0.32) | RSI=38.0(+0.40) | BB%=0.25(+0.60)
2026-04-19 10:27:23,463 [INFO] main: 等待 900s 到下一根K线...
2026-04-19 10:42:23,692 [INFO] main: ── 第 6 轮 | 10:42:23 UTC ──
2026-04-19 10:42:23,859 [INFO] strategy: 信号: HOLD | 强度: 0.051 | 价格: 75061.0 | ATR: 138.1 | EMA死叉(-0.30) | BB%=0.26(+0.60)
2026-04-19 10:42:23,860 [INFO] main: 等待 900s 到下一根K线...
2026-04-19 10:57:24,049 [INFO] main: ── 第 7 轮 | 10:57:24 UTC ──
2026-04-19 10:57:24,199 [INFO] strategy: 信号: HOLD | 强度: 0.092 | 价格: 75234.7 | ATR: 144.0 | 无明显信号
2026-04-19 10:57:24,200 [INFO] main: 等待 900s 到下一根K线...
2026-04-19 11:12:24,423 [INFO] main: ── 第 8 轮 | 11:12:24 UTC ──
2026-04-19 11:12:24,578 [INFO] strategy: 信号: HOLD | 强度: 0.230 | 价格: 75356.6 | ATR: 157.5 | BB%=0.80(-0.60)
2026-04-19 11:12:24,578 [INFO] main: 等待 900s 到下一根K线...
2026-04-19 11:27:24,866 [INFO] main: ── 第 9 轮 | 11:27:24 UTC ──
2026-04-19 11:27:25,007 [INFO] strategy: 信号: SHORT | 强度: 0.421 | 价格: 75399.4 | ATR: 162.8 | RSI=55.4(-0.40) | BB%=0.86(-1.00)
2026-04-19 11:27:25,080 [INFO] trader: [margin_2x] 准备下单: sell 0.00093 BTC @ ~75399.4 | SL=75643.6 TP=73137.4 | 信号强度=0.421
2026-04-19 11:27:25,167 [ERROR] okx_client: API 错误: All operations failed (code=1)
2026-04-19 11:27:25,167 [ERROR] okx_client: 下单失败: All operations failed
2026-04-19 11:27:25,167 [INFO] trader: [3x] 做空信号强度 0.421 不足, 跳过
2026-04-19 11:27:25,168 [INFO] main: 等待 900s 到下一根K线...
2026-04-19 11:42:25,347 [INFO] main: ── 第 10 轮 | 11:42:25 UTC ──
2026-04-19 11:42:25,506 [INFO] strategy: 信号: HOLD | 强度: 0.114 | 价格: 75472.8 | ATR: 155.5 | EMA金叉(+1.00) | BB%=0.99(-1.00)
2026-04-19 11:42:25,506 [INFO] main: 等待 900s 到下一根K线...
2026-04-19 11:51:55,344 [ERROR] okx_client: API 错误: All operations failed (code=1)
2026-04-19 11:51:55,345 [ERROR] okx_client: 下单失败: All operations failed
2026-04-19 11:51:57,451 [ERROR] okx_client: API 错误: All operations failed (code=1)
2026-04-19 11:51:57,451 [ERROR] okx_client: 下单失败: All operations failed
2026-04-19 11:52:52,784 [ERROR] okx_client: API 错误: All operations failed (code=1)
2026-04-19 11:52:52,784 [ERROR] okx_client: 下单失败: All operations failed
2026-04-19 11:52:54,942 [ERROR] okx_client: API 错误: All operations failed (code=1)
2026-04-19 11:52:54,943 [ERROR] okx_client: 下单失败: All operations failed
2026-04-19 11:53:18,526 [ERROR] okx_client: API 错误: All operations failed (code=1)
2026-04-19 11:53:18,581 [ERROR] okx_client: API 错误: All operations failed (code=1)
2026-04-19 11:53:18,675 [ERROR] okx_client: API 错误: All operations failed (code=1)
2026-04-19 11:53:18,732 [ERROR] okx_client: API 错误: All operations failed (code=1)
2026-04-19 11:53:48,472 [ERROR] okx_client: API 错误: Parameter mgnCcy can not be empty. (code=50014)
2026-04-19 11:53:48,528 [ERROR] okx_client: API 错误: All operations failed (code=1)
2026-04-19 11:53:48,582 [ERROR] okx_client: API 错误: All operations failed (code=1)
2026-04-19 11:54:22,144 [ERROR] okx_client: API 错误: All operations failed (code=1)
2026-04-19 11:54:22,198 [ERROR] okx_client: API 错误: All operations failed (code=1)
2026-04-19 11:54:22,251 [ERROR] okx_client: API 错误: All operations failed (code=1)
2026-04-19 11:54:22,360 [ERROR] okx_client: API 错误: All operations failed (code=1)
2026-04-19 11:54:22,414 [ERROR] okx_client: API 错误: All operations failed (code=1)
2026-04-19 11:54:22,527 [ERROR] okx_client: API 错误: All operations failed (code=1)
2026-04-19 11:54:22,580 [ERROR] okx_client: API 错误: All operations failed (code=1)
2026-04-19 11:54:22,632 [ERROR] okx_client: API 错误: All operations failed (code=1)
2026-04-19 11:54:50,700 [ERROR] okx_client: API 错误: All operations failed (code=1)
2026-04-19 11:54:50,756 [ERROR] okx_client: API 错误: All operations failed (code=1)
2026-04-19 11:54:53,424 [ERROR] okx_client: API 错误: All operations failed (code=1)
2026-04-19 11:56:05,457 [ERROR] okx_client: API 错误: All operations failed (code=1)
2026-04-19 11:56:05,512 [ERROR] okx_client: API 错误: All operations failed (code=1)
2026-04-19 11:57:25,774 [INFO] main: ── 第 11 轮 | 11:57:25 UTC ──
2026-04-19 11:57:25,942 [INFO] strategy: 信号: HOLD | 强度: 0.238 | 价格: 75612.4 | ATR: 159.1 | BB%=1.10(-1.00)
2026-04-19 11:57:25,943 [INFO] main: 等待 900s 到下一根K线...
2026-04-19 12:12:26,176 [INFO] main: ── 第 12 轮 | 12:12:26 UTC ──
2026-04-19 12:12:26,339 [INFO] strategy: 信号: HOLD | 强度: 0.214 | 价格: 75602.2 | ATR: 161.8 | BB%=1.00(-1.00)
2026-04-19 12:12:26,340 [INFO] main: 等待 900s 到下一根K线...
2026-04-19 12:27:26,648 [INFO] main: ── 第 13 轮 | 12:27:26 UTC ──
2026-04-19 12:27:26,805 [INFO] strategy: 信号: SHORT | 强度: 0.312 | 价格: 75547.6 | ATR: 166.8 | RSI=58.1(-0.40) | BB%=0.86(-1.00)
2026-04-19 12:27:27,027 [INFO] trader: [margin_2x] 准备下单: sell 0.00093 BTC @ ~75547.6 | SL=75797.8 TP=73281.2 | 信号强度=0.312
2026-04-19 12:27:27,123 [ERROR] okx_client: API 错误: All operations failed (code=1)
2026-04-19 12:27:27,124 [ERROR] okx_client: 下单失败: All operations failed
2026-04-19 12:27:27,124 [INFO] trader: [3x] 做空信号强度 0.312 不足, 跳过
2026-04-19 12:27:27,124 [INFO] main: 等待 900s 到下一根K线...
2026-04-19 12:42:27,373 [INFO] main: ── 第 14 轮 | 12:42:27 UTC ──
2026-04-19 12:42:27,541 [INFO] strategy: 信号: HOLD | 强度: 0.091 | 价格: 75464.2 | ATR: 160.5 | BB%=0.74(-0.60)
2026-04-19 12:42:27,542 [INFO] main: 等待 900s 到下一根K线...
2026-04-19 12:57:27,767 [INFO] main: ── 第 15 轮 | 12:57:27 UTC ──
2026-04-19 12:57:27,931 [INFO] strategy: 信号: HOLD | 强度: 0.186 | 价格: 75650.8 | ATR: 164.5 | BB%=0.90(-1.00)
2026-04-19 12:57:27,931 [INFO] main: 等待 900s 到下一根K线...
2026-04-19 13:12:28,177 [INFO] main: ── 第 16 轮 | 13:12:28 UTC ──
2026-04-19 13:12:28,339 [INFO] strategy: 信号: HOLD | 强度: 0.177 | 价格: 75696.0 | ATR: 174.8 | BB%=0.91(-1.00)
2026-04-19 13:12:28,339 [INFO] main: 等待 900s 到下一根K线...
2026-04-19 13:15:20,810 [INFO] okx_client: 下单成功: buy 7.57 BTC-USDT | ordId=3493087532999008256
2026-04-19 13:15:22,924 [INFO] okx_client: 平仓成功: BTC-USDT mgnMode=cross
2026-04-19 13:15:26,035 [INFO] okx_client: 下单成功: sell 0.0001 BTC-USDT | ordId=3493087706508976128
2026-04-19 13:15:28,098 [INFO] okx_client: 平仓成功: BTC-USDT mgnMode=cross
2026-04-19 13:16:47,518 [INFO] main: >>> ⚠️  实盘模式启动 — 将进行真实交易 <<<
2026-04-19 13:16:47,519 [WARNING] main: 当前连接 OKX 真实环境！请确认资金充足！
2026-04-19 13:16:47,519 [INFO] trader: === 初始化交易环境 ===
2026-04-19 13:16:47,664 [INFO] trader: 账户模式设置: 
2026-04-19 13:16:48,228 [INFO] trader: 设置 margin_2x 杠杆 2x: 
2026-04-19 13:16:48,789 [INFO] trader: 设置 margin_3x 杠杆 3x: 
2026-04-19 13:16:48,849 [INFO] trader: USDT 可用余额: 46.00873874253525
2026-04-19 13:16:48,849 [INFO] trader: === 初始化完成 ===
2026-04-19 13:16:48,849 [INFO] main: ── 第 1 轮 | 13:16:48 UTC ──
2026-04-19 13:16:48,934 [INFO] strategy: 信号: HOLD | 强度: 0.151 | 价格: 75779.6 | ATR: 158.1 | EMA金叉(+0.34) | BB%=0.92(-1.00)
2026-04-19 13:16:48,935 [INFO] main: 等待 900s 到下一根K线...
2026-04-19 13:24:11,415 [INFO] main: >>> ⚠️  实盘模式启动 — 将进行真实交易 <<<
2026-04-19 13:24:11,417 [WARNING] main: 当前连接 OKX 真实环境！请确认资金充足！
2026-04-19 13:24:11,417 [INFO] trader: === 初始化交易环境 ===
2026-04-19 13:24:11,594 [INFO] trader: 账户模式设置: 
2026-04-19 13:24:12,159 [INFO] trader: 设置 margin_2x 杠杆 2x: 
2026-04-19 13:24:12,718 [INFO] trader: 设置 margin_3x 杠杆 3x: 
2026-04-19 13:24:12,773 [INFO] trader: USDT 可用余额: 46.00873874253525
2026-04-19 13:24:12,773 [INFO] trader: 资金基准已同步: $100.00 -> $46.01 (spot $18.40 | 2x $16.10 | 3x $11.50)
2026-04-19 13:24:12,773 [INFO] trader: === 初始化完成 ===
2026-04-19 13:24:12,773 [INFO] main: ── 第 1 轮 | 13:24:12 UTC ──
2026-04-19 13:24:12,855 [INFO] strategy: 信号: HOLD | 强度: 0.138 | 价格: 76079.1 | ATR: 220.7 | EMA金叉(+0.42) | BB%=1.12(-1.00) | 量比=2.9
2026-04-19 13:24:12,856 [INFO] main: 等待 900s 到下一根K线...
2026-04-19 13:29:05,659 [INFO] main: >>> ⚠️  实盘模式启动 — 将进行真实交易 <<<
2026-04-19 13:29:05,660 [WARNING] main: 当前连接 OKX 真实环境！请确认资金充足！
2026-04-19 13:29:05,660 [INFO] trader: === 初始化交易环境 ===
2026-04-19 13:29:05,841 [INFO] trader: 账户模式设置: 
2026-04-19 13:29:06,400 [INFO] trader: 设置 margin_2x 杠杆 2x: 
2026-04-19 13:29:06,960 [INFO] trader: 设置 margin_3x 杠杆 3x: 
2026-04-19 13:29:07,019 [INFO] trader: USDT 可用余额: 46.00873874253525
2026-04-19 13:29:07,019 [INFO] trader: 资金基准已同步: $100.00 -> $46.01 (spot $18.40 | 2x $16.10 | 3x $11.50)
2026-04-19 13:29:07,074 [INFO] trader: === 初始化完成 ===
2026-04-19 13:29:07,075 [INFO] main: ── 第 1 轮 | 13:29:07 UTC ──
2026-04-19 13:29:07,254 [INFO] strategy: 信号: HOLD | 强度: 0.145 | 价格: 76031.3 | ATR: 220.7 | EMA金叉(+0.41) | BB%=1.09(-1.00) | 量比=4.1
2026-04-19 13:29:07,255 [INFO] main: 等待 900s 到下一根K线...
2026-04-19 13:44:07,505 [INFO] main: ── 第 2 轮 | 13:44:07 UTC ──
2026-04-19 13:44:07,786 [INFO] strategy: 信号: HOLD | 强度: 0.245 | 价格: 76007.5 | ATR: 214.5 | EMA金叉(+0.48) | RSI=69.4(-0.40) | BB%=0.98(-1.00) | 量比=2.2
2026-04-19 13:44:07,788 [INFO] main: 等待 900s 到下一根K线...
2026-04-19 13:59:08,045 [INFO] main: ── 第 3 轮 | 13:59:08 UTC ──
2026-04-19 13:59:08,337 [INFO] strategy: 信号: HOLD | 强度: 0.085 | 价格: 75900.1 | ATR: 206.0 | EMA金叉(+0.50) | RSI=64.0(-0.40) | BB%=0.84(-0.60)
2026-04-19 13:59:08,337 [INFO] main: 等待 900s 到下一根K线...
2026-04-19 14:14:08,551 [INFO] main: ── 第 4 轮 | 14:14:08 UTC ──
2026-04-19 14:14:08,839 [INFO] strategy: 信号: HOLD | 强度: 0.103 | 价格: 75798.8 | ATR: 226.4 | EMA金叉(+0.47) | RSI=59.4(-0.40) | BB%=0.74(-0.60) | 量比=1.1
2026-04-19 14:14:08,839 [INFO] main: 等待 900s 到下一根K线...
2026-04-19 14:29:09,109 [INFO] main: ── 第 5 轮 | 14:29:09 UTC ──
2026-04-19 14:29:09,431 [INFO] strategy: 信号: HOLD | 强度: 0.025 | 价格: 75971.2 | ATR: 232.0 | EMA金叉(+0.49) | BB%=0.83(-0.60)
2026-04-19 14:29:09,432 [INFO] main: 等待 900s 到下一根K线...
2026-04-19 14:44:09,695 [INFO] main: ── 第 6 轮 | 14:44:09 UTC ──
2026-04-19 14:44:10,003 [INFO] strategy: 信号: HOLD | 强度: 0.027 | 价格: 75972.7 | ATR: 231.0 | EMA金叉(+0.49) | BB%=0.80(-0.60) | 量比=1.1
2026-04-19 14:44:10,003 [INFO] main: 等待 900s 到下一根K线...
2026-04-19 14:59:10,229 [INFO] main: ── 第 7 轮 | 14:59:10 UTC ──
2026-04-19 14:59:10,500 [INFO] strategy: 信号: HOLD | 强度: 0.030 | 价格: 76032.4 | ATR: 226.7 | EMA金叉(+0.50) | BB%=0.82(-0.60)
2026-04-19 14:59:10,501 [INFO] main: 等待 900s 到下一根K线...
2026-04-19 15:14:10,740 [INFO] main: ── 第 8 轮 | 15:14:10 UTC ──
2026-04-19 15:14:11,046 [INFO] strategy: 信号: HOLD | 强度: 0.030 | 价格: 76040.1 | ATR: 219.7 | EMA金叉(+0.50) | BB%=0.80(-0.60)
2026-04-19 15:14:11,047 [INFO] main: 等待 900s 到下一根K线...
2026-04-19 15:29:11,274 [INFO] main: ── 第 9 轮 | 15:29:11 UTC ──
2026-04-19 15:29:11,680 [INFO] strategy: 信号: HOLD | 强度: 0.100 | 价格: 75956.3 | ATR: 225.9 | EMA金叉(+0.46) | RSI=61.8(-0.40) | BB%=0.72(-0.60)
2026-04-19 15:29:11,681 [INFO] main: 等待 900s 到下一根K线...
2026-04-19 15:44:11,917 [INFO] main: ── 第 10 轮 | 15:44:11 UTC ──
2026-04-19 15:44:12,194 [INFO] strategy: 信号: HOLD | 强度: 0.178 | 价格: 75746.7 | ATR: 275.9 | EMA金叉(+0.38) | 量比=2.1
2026-04-19 15:44:12,194 [INFO] main: 等待 900s 到下一根K线...
2026-04-19 15:59:12,454 [INFO] main: ── 第 11 轮 | 15:59:12 UTC ──
2026-04-19 15:59:12,745 [INFO] strategy: 信号: HOLD | 强度: 0.126 | 价格: 75808.8 | ATR: 263.5 | EMA金叉(+0.32)
2026-04-19 15:59:12,746 [INFO] main: 等待 900s 到下一根K线...
2026-04-19 16:14:13,030 [INFO] main: ── 第 12 轮 | 16:14:13 UTC ──
2026-04-19 16:14:13,314 [INFO] strategy: 信号: HOLD | 强度: 0.098 | 价格: 75695.8 | ATR: 259.9 | 无明显信号
2026-04-19 16:14:13,314 [INFO] main: 等待 900s 到下一根K线...
2026-04-19 16:29:13,547 [INFO] main: ── 第 13 轮 | 16:29:13 UTC ──
2026-04-19 16:29:13,887 [INFO] strategy: 信号: HOLD | 强度: 0.228 | 价格: 75567.2 | ATR: 254.3 | BB%=0.22(+0.60)
2026-04-19 16:29:13,887 [INFO] main: 等待 900s 到下一根K线...
2026-04-19 16:44:14,166 [INFO] main: ── 第 14 轮 | 16:44:14 UTC ──
2026-04-19 16:44:14,455 [INFO] strategy: 信号: HOLD | 强度: 0.194 | 价格: 75525.0 | ATR: 244.1 | BB%=0.17(+0.60)
2026-04-19 16:44:14,455 [INFO] main: 等待 900s 到下一根K线...
2026-04-19 16:59:14,706 [INFO] main: ── 第 15 轮 | 16:59:14 UTC ──
2026-04-19 16:59:15,083 [INFO] strategy: 信号: HOLD | 强度: 0.123 | 价格: 75446.0 | ATR: 262.1 | EMA死叉(-1.00) | BB%=0.09(+1.00) | 量比=1.1
2026-04-19 16:59:15,084 [INFO] main: 等待 900s 到下一根K线...
2026-04-19 17:14:15,345 [INFO] main: ── 第 16 轮 | 17:14:15 UTC ──
2026-04-19 17:14:15,630 [INFO] strategy: 信号: HOLD | 强度: 0.264 | 价格: 75244.2 | ATR: 278.0 | BB%=-0.03(+1.00) | 量比=2.8
2026-04-19 17:14:15,631 [INFO] main: 等待 900s 到下一根K线...
2026-04-19 17:29:15,870 [INFO] main: ── 第 17 轮 | 17:29:15 UTC ──
2026-04-19 17:29:16,206 [INFO] strategy: 信号: LONG | 强度: 0.308 | 价格: 75272.9 | ATR: 269.8 | RSI=36.9(+0.40) | BB%=0.04(+1.00)
2026-04-19 17:29:16,282 [INFO] trader: [spot] 准备下单: buy 0.00024 BTC @ ~75272.9 | SL=74868.2 TP=78660.2 | 信号强度=0.308
2026-04-19 17:29:16,344 [INFO] okx_client: 下单成功: buy 0.00024 BTC-USDT | ordId=3493598752587931650
2026-04-19 17:29:16,898 [INFO] risk_manager: 新仓位: spot buy 0.00024 BTC @ 75273.0 | SL=74868.3 TP=78660.3
2026-04-19 17:29:16,957 [INFO] okx_client: 策略委托成功: sell 0.00024 BTC-USDT
2026-04-19 17:29:16,957 [INFO] trader: [spot] 止盈止损委托已挂出: SL=74868.3 TP=78660.3
2026-04-19 17:29:16,957 [INFO] trader: [margin_2x] 准备下单: buy 0.00043 BTC @ ~75272.9 | SL=74868.2 TP=77531.1 | 信号强度=0.308
2026-04-19 17:29:17,016 [ERROR] okx_client: API 错误: All operations failed (code=1)
2026-04-19 17:29:17,017 [ERROR] okx_client: 下单失败: All operations failed
2026-04-19 17:29:17,017 [INFO] trader: [margin_3x] 准备下单: buy 0.00028 BTC @ ~75272.9 | SL=74868.2 TP=76778.4 | 信号强度=0.308
2026-04-19 17:29:17,075 [ERROR] okx_client: API 错误: All operations failed (code=1)
2026-04-19 17:29:17,075 [ERROR] okx_client: 下单失败: All operations failed
2026-04-19 17:29:17,075 [INFO] main: 等待 900s 到下一根K线...
2026-04-19 17:44:17,306 [INFO] main: ── 第 18 轮 | 17:44:17 UTC ──
2026-04-19 17:44:17,564 [INFO] strategy: 信号: HOLD | 强度: 0.165 | 价格: 75198.9 | ATR: 271.0 | EMA死叉(-0.30) | BB%=0.03(+1.00)
2026-04-19 17:44:17,615 [INFO] main: 等待 900s 到下一根K线...
2026-04-19 17:59:17,829 [INFO] main: ── 第 19 轮 | 17:59:17 UTC ──
2026-04-19 17:59:18,087 [INFO] strategy: 信号: HOLD | 强度: 0.117 | 价格: 74799.4 | ATR: 312.1 | EMA死叉(-0.47) | BB%=-0.14(+1.00) | 量比=2.6
2026-04-19 17:59:18,138 [INFO] trader: [spot] 平仓: 触发止损 | 当前价=74799.4
2026-04-19 17:59:18,192 [INFO] okx_client: 下单成功: sell 0.00024 BTC-USDT | ordId=3493659212775448576
2026-04-19 17:59:18,192 [INFO] risk_manager: 平仓: spot buy 0.00024 BTC @ 74799.4 | PnL=-0.1137 USDT | 当日PnL=-0.1137
2026-04-19 17:59:18,193 [INFO] main: 等待 900s 到下一根K线...
2026-04-19 18:14:18,408 [INFO] main: ── 第 20 轮 | 18:14:18 UTC ──
2026-04-19 18:14:18,689 [INFO] strategy: 信号: LONG | 强度: 0.341 | 价格: 74813.5 | ATR: 302.1 | EMA死叉(-0.58) | RSI=27.3(+1.00) | BB%=-0.02(+1.00)
2026-04-19 18:14:18,769 [INFO] trader: [spot] 准备下单: buy 0.00025 BTC @ ~74813.5 | SL=74360.4 TP=78180.1 | 信号强度=0.341
2026-04-19 18:14:18,827 [INFO] okx_client: 下单成功: buy 0.00025 BTC-USDT | ordId=3493689433071312896
2026-04-19 18:14:19,383 [INFO] risk_manager: 新仓位: spot buy 0.00025 BTC @ 74821.4 | SL=74368.3 TP=78188.4
2026-04-19 18:14:19,437 [INFO] okx_client: 策略委托成功: sell 0.00025 BTC-USDT
2026-04-19 18:14:19,437 [INFO] trader: [spot] 止盈止损委托已挂出: SL=74368.3 TP=78188.4
2026-04-19 18:14:19,437 [INFO] trader: [margin_2x] 准备下单: buy 0.00043 BTC @ ~74813.5 | SL=74360.4 TP=77057.9 | 信号强度=0.341
2026-04-19 18:14:19,498 [ERROR] okx_client: API 错误: All operations failed (code=1)
2026-04-19 18:14:19,498 [ERROR] okx_client: 下单失败: All operations failed
2026-04-19 18:14:19,498 [INFO] trader: [margin_3x] 准备下单: buy 0.00025 BTC @ ~74813.5 | SL=74360.4 TP=76309.8 | 信号强度=0.341
2026-04-19 18:14:19,550 [ERROR] okx_client: API 错误: All operations failed (code=1)
2026-04-19 18:14:19,550 [ERROR] okx_client: 下单失败: All operations failed
2026-04-19 18:14:19,551 [INFO] main: 等待 900s 到下一根K线...
2026-04-19 18:29:19,830 [INFO] main: ── 第 21 轮 | 18:29:19 UTC ──
2026-04-19 18:29:20,193 [INFO] strategy: 信号: HOLD | 强度: 0.028 | 价格: 74786.0 | ATR: 299.1 | EMA死叉(-0.64) | BB%=0.04(+1.00)
2026-04-19 18:29:20,246 [INFO] main: 等待 900s 到下一根K线...
2026-04-19 18:44:20,501 [INFO] main: ── 第 22 轮 | 18:44:20 UTC ──
2026-04-19 18:44:20,819 [INFO] strategy: 信号: HOLD | 强度: 0.001 | 价格: 74684.6 | ATR: 283.7 | EMA死叉(-0.71) | BB%=0.04(+1.00)
2026-04-19 18:44:20,913 [INFO] main: 等待 900s 到下一根K线...
2026-04-19 18:59:21,112 [INFO] main: ── 第 23 轮 | 18:59:21 UTC ──
2026-04-19 18:59:21,381 [INFO] strategy: 信号: HOLD | 强度: 0.282 | 价格: 74778.3 | ATR: 271.0 | EMA死叉(-0.72) | RSI=29.6(+1.00) | BB%=0.14(+1.00)
2026-04-19 18:59:21,432 [INFO] main: 等待 900s 到下一根K线...
2026-04-19 19:14:21,684 [INFO] main: ── 第 24 轮 | 19:14:21 UTC ──
2026-04-19 19:14:22,038 [INFO] strategy: 信号: HOLD | 强度: 0.020 | 价格: 74974.2 | ATR: 261.3 | EMA死叉(-0.66) | RSI=38.5(+0.40) | BB%=0.27(+0.60)
2026-04-19 19:14:22,090 [INFO] main: 等待 900s 到下一根K线...
2026-04-19 19:29:22,328 [INFO] main: ── 第 25 轮 | 19:29:22 UTC ──
2026-04-19 19:29:22,633 [INFO] strategy: 信号: HOLD | 强度: 0.040 | 价格: 74981.6 | ATR: 250.9 | EMA死叉(-0.61) | RSI=38.9(+0.40) | BB%=0.29(+0.60)
2026-04-19 19:29:22,683 [INFO] main: 等待 900s 到下一根K线...
2026-04-19 19:44:22,935 [INFO] main: ── 第 26 轮 | 19:44:22 UTC ──
2026-04-19 19:44:23,192 [INFO] strategy: 信号: HOLD | 强度: 0.111 | 价格: 74992.3 | ATR: 236.6 | EMA死叉(-0.56) | RSI=39.4(+0.40)
2026-04-19 19:44:23,248 [INFO] main: 等待 900s 到下一根K线...
2026-04-19 19:59:23,438 [INFO] main: ── 第 27 轮 | 19:59:23 UTC ──
2026-04-19 19:59:23,698 [INFO] strategy: 信号: HOLD | 强度: 0.092 | 价格: 74985.6 | ATR: 223.1 | EMA死叉(-0.52) | RSI=39.2(+0.40)
2026-04-19 19:59:23,754 [INFO] main: 等待 900s 到下一根K线...
2026-04-19 20:14:24,085 [INFO] main: ── 第 28 轮 | 20:14:24 UTC ──
2026-04-19 20:14:24,346 [INFO] strategy: 信号: HOLD | 强度: 0.050 | 价格: 74776.6 | ATR: 230.3 | EMA死叉(-0.53) | BB%=0.24(+0.60) | 量比=5.9
2026-04-19 20:14:24,396 [INFO] main: 等待 900s 到下一根K线...
2026-04-19 20:29:24,652 [INFO] main: ── 第 29 轮 | 20:29:24 UTC ──
2026-04-19 20:29:24,947 [INFO] strategy: 信号: HOLD | 强度: 0.043 | 价格: 74751.7 | ATR: 220.8 | EMA死叉(-0.54) | BB%=0.24(+0.60)
2026-04-19 20:29:25,002 [INFO] main: 等待 900s 到下一根K线...
2026-04-19 20:44:25,235 [INFO] main: ── 第 30 轮 | 20:44:25 UTC ──
2026-04-19 20:44:25,505 [INFO] strategy: 信号: HOLD | 强度: 0.054 | 价格: 74643.0 | ATR: 220.8 | EMA死叉(-0.56) | BB%=0.19(+0.60)
2026-04-19 20:44:25,560 [INFO] main: 等待 900s 到下一根K线...
2026-04-19 20:59:25,821 [INFO] main: ── 第 31 轮 | 20:59:25 UTC ──
2026-04-19 20:59:26,068 [INFO] strategy: 信号: HOLD | 强度: 0.047 | 价格: 74628.0 | ATR: 254.4 | EMA死叉(-0.60) | RSI=31.8(+0.40) | BB%=0.20(+0.60)
2026-04-19 20:59:26,121 [INFO] main: 等待 900s 到下一根K线...
2026-04-19 21:14:26,390 [INFO] main: ── 第 32 轮 | 21:14:26 UTC ──
2026-04-19 21:14:26,673 [INFO] strategy: 信号: HOLD | 强度: 0.056 | 价格: 74684.5 | ATR: 243.9 | EMA死叉(-0.57) | RSI=34.7(+0.40) | BB%=0.26(+0.60)
2026-04-19 21:14:26,763 [INFO] main: 等待 900s 到下一根K线...
2026-04-19 21:29:27,090 [INFO] main: ── 第 33 轮 | 21:29:27 UTC ──
2026-04-19 21:29:27,386 [INFO] strategy: 信号: HOLD | 强度: 0.095 | 价格: 74765.9 | ATR: 237.3 | EMA死叉(-0.52) | RSI=38.7(+0.40)
2026-04-19 21:29:27,437 [INFO] main: 等待 900s 到下一根K线...
2026-04-19 21:44:27,660 [INFO] main: ── 第 34 轮 | 21:44:27 UTC ──
2026-04-19 21:44:27,923 [INFO] strategy: 信号: HOLD | 强度: 0.194 | 价格: 74748.1 | ATR: 218.9 | EMA死叉(-0.49)
2026-04-19 21:44:27,985 [INFO] main: 等待 900s 到下一根K线...
2026-04-19 21:59:28,219 [INFO] main: ── 第 35 轮 | 21:59:28 UTC ──
2026-04-19 21:59:28,461 [INFO] strategy: 信号: HOLD | 强度: 0.072 | 价格: 74445.9 | ATR: 248.1 | EMA死叉(-0.54) | BB%=0.05(+1.00)
2026-04-19 21:59:28,508 [INFO] main: 等待 900s 到下一根K线...
2026-04-19 22:14:28,749 [INFO] main: ── 第 36 轮 | 22:14:28 UTC ──
2026-04-19 22:14:29,022 [INFO] strategy: 信号: HOLD | 强度: 0.009 | 价格: 74001.0 | ATR: 295.7 | EMA死叉(-0.69) | BB%=-0.22(+1.00) | 量比=4.2
2026-04-19 22:14:29,073 [INFO] trader: [spot] 平仓: 触发止损 | 当前价=74005.9
2026-04-19 22:14:29,131 [INFO] okx_client: 下单成功: sell 0.00025 BTC-USDT | ordId=3494172962435653632
2026-04-19 22:14:29,131 [INFO] risk_manager: 平仓: spot buy 0.00025 BTC @ 74005.9 | PnL=-0.2039 USDT | 当日PnL=-0.3175
2026-04-19 22:14:29,131 [INFO] main: 等待 900s 到下一根K线...
2026-04-19 22:29:29,349 [INFO] main: ── 第 37 轮 | 22:29:29 UTC ──
2026-04-19 22:29:29,627 [INFO] strategy: 信号: HOLD | 强度: 0.038 | 价格: 73989.3 | ATR: 297.2 | EMA死叉(-0.79) | BB%=-0.12(+1.00) | 量比=1.6
2026-04-19 22:29:29,628 [INFO] main: 等待 900s 到下一根K线...
2026-04-19 22:44:29,852 [INFO] main: ── 第 38 轮 | 22:44:29 UTC ──
2026-04-19 22:44:30,111 [INFO] strategy: 信号: HOLD | 强度: 0.080 | 价格: 74141.8 | ATR: 292.8 | EMA死叉(-0.80) | RSI=30.3(+0.40) | BB%=0.07(+1.00)
2026-04-19 22:44:30,111 [INFO] main: 等待 900s 到下一根K线...
2026-04-19 22:59:30,307 [INFO] main: ── 第 39 轮 | 22:59:30 UTC ──
2026-04-19 22:59:30,593 [INFO] strategy: 信号: HOLD | 强度: 0.034 | 价格: 74088.9 | ATR: 276.0 | EMA死叉(-0.80) | BB%=0.09(+1.00)
2026-04-19 22:59:30,594 [INFO] main: 等待 900s 到下一根K线...
2026-04-19 23:14:30,781 [INFO] main: ── 第 40 轮 | 23:14:30 UTC ──
2026-04-19 23:14:31,087 [INFO] strategy: 信号: HOLD | 强度: 0.034 | 价格: 74015.6 | ATR: 270.9 | EMA死叉(-0.80) | BB%=0.10(+1.00)
2026-04-19 23:14:31,088 [INFO] main: 等待 900s 到下一根K线...
2026-04-19 23:29:31,341 [INFO] main: ── 第 41 轮 | 23:29:31 UTC ──
2026-04-19 23:29:31,638 [INFO] strategy: 信号: HOLD | 强度: 0.034 | 价格: 73858.9 | ATR: 265.7 | EMA死叉(-0.80) | BB%=0.06(+1.00)
2026-04-19 23:29:31,638 [INFO] main: 等待 900s 到下一根K线...
2026-04-19 23:44:31,870 [INFO] main: ── 第 42 轮 | 23:44:31 UTC ──
2026-04-19 23:44:32,130 [INFO] strategy: 信号: HOLD | 强度: 0.251 | 价格: 73902.8 | ATR: 249.2 | EMA死叉(-0.80) | RSI=26.6(+1.00) | BB%=0.13(+1.00)
2026-04-19 23:44:32,130 [INFO] main: 等待 900s 到下一根K线...
2026-04-19 23:59:32,395 [INFO] main: ── 第 43 轮 | 23:59:32 UTC ──
2026-04-19 23:59:32,672 [INFO] strategy: 信号: HOLD | 强度: 0.034 | 价格: 73826.4 | ATR: 237.1 | EMA死叉(-0.80) | BB%=0.13(+1.00)
2026-04-19 23:59:32,673 [INFO] main: 等待 900s 到下一根K线...
2026-04-20 00:14:32,939 [INFO] risk_manager: 日结: PnL=-0.3175 | 净值=45.69 | 交易次数=2
2026-04-20 00:14:32,940 [INFO] main: ── 第 44 轮 | 00:14:32 UTC ──
2026-04-20 00:14:33,200 [INFO] strategy: 信号: HOLD | 强度: 0.244 | 价格: 74097.5 | ATR: 276.4 | EMA死叉(-0.80) | RSI=37.7(+0.40) | 量比=2.5
2026-04-20 00:14:33,200 [INFO] main: 等待 900s 到下一根K线...
2026-04-20 00:29:33,432 [INFO] main: ── 第 45 轮 | 00:29:33 UTC ──
2026-04-20 00:29:33,730 [INFO] strategy: 信号: HOLD | 强度: 0.162 | 价格: 74241.9 | ATR: 271.2 | EMA死叉(-0.69) | RSI=42.9(+0.40)
2026-04-20 00:29:33,731 [INFO] main: 等待 900s 到下一根K线...
2026-04-20 00:44:34,008 [INFO] main: ── 第 46 轮 | 00:44:34 UTC ──
2026-04-20 00:44:34,263 [INFO] strategy: 信号: HOLD | 强度: 0.242 | 价格: 74175.6 | ATR: 252.7 | EMA死叉(-0.61)
2026-04-20 00:44:34,263 [INFO] main: 等待 900s 到下一根K线...
2026-04-20 00:59:34,512 [INFO] main: ── 第 47 轮 | 00:59:34 UTC ──
2026-04-20 00:59:34,765 [INFO] strategy: 信号: HOLD | 强度: 0.194 | 价格: 74329.4 | ATR: 245.1 | EMA死叉(-0.49)
2026-04-20 00:59:34,766 [INFO] main: 等待 900s 到下一根K线...
2026-04-20 01:14:35,110 [INFO] main: ── 第 48 轮 | 01:14:35 UTC ──
2026-04-20 01:14:35,389 [INFO] strategy: 信号: HOLD | 强度: 0.159 | 价格: 74339.4 | ATR: 230.3 | EMA死叉(-0.40)
2026-04-20 01:14:35,390 [INFO] main: 等待 900s 到下一根K线...
2026-04-20 01:29:35,665 [INFO] main: ── 第 49 轮 | 01:29:35 UTC ──
2026-04-20 01:29:36,004 [INFO] strategy: 信号: HOLD | 强度: 0.129 | 价格: 74298.1 | ATR: 220.3 | EMA死叉(-0.32)
2026-04-20 01:29:36,005 [INFO] main: 等待 900s 到下一根K线...
2026-04-20 01:44:36,275 [INFO] main: ── 第 50 轮 | 01:44:36 UTC ──
2026-04-20 01:44:36,561 [INFO] strategy: 信号: HOLD | 强度: 0.276 | 价格: 74679.9 | ATR: 245.5 | BB%=0.84(-0.60) | 量比=1.9
2026-04-20 01:44:36,561 [INFO] main: 等待 900s 到下一根K线...
2026-04-20 01:59:36,963 [INFO] main: ── 第 51 轮 | 01:59:36 UTC ──
2026-04-20 01:59:37,242 [INFO] strategy: 信号: HOLD | 强度: 0.192 | 价格: 74601.9 | ATR: 238.0 | BB%=0.78(-0.60)
2026-04-20 01:59:37,243 [INFO] main: 等待 900s 到下一根K线...
2026-04-20 02:14:37,528 [INFO] main: ── 第 52 轮 | 02:14:37 UTC ──
2026-04-20 02:14:37,811 [INFO] strategy: 信号: HOLD | 强度: 0.018 | 价格: 74383.3 | ATR: 244.8 | 无明显信号
2026-04-20 02:14:37,812 [INFO] main: 等待 900s 到下一根K线...
2026-04-20 02:29:38,173 [INFO] main: ── 第 53 轮 | 02:29:38 UTC ──
2026-04-20 02:29:38,476 [INFO] strategy: 信号: HOLD | 强度: 0.176 | 价格: 74454.9 | ATR: 235.0 | BB%=0.71(-0.60)
2026-04-20 02:29:38,476 [INFO] main: 等待 900s 到下一根K线...
2026-04-20 02:30:34,600 [ERROR] okx_client: API 错误: All operations failed (code=1)
2026-04-20 02:31:41,137 [ERROR] okx_client: API 错误: All operations failed (code=1)
2026-04-20 02:31:41,184 [ERROR] okx_client: API 错误: All operations failed (code=1)
2026-04-20 02:31:41,235 [ERROR] okx_client: API 错误: All operations failed (code=1)
2026-04-20 02:32:39,925 [ERROR] okx_client: API 错误: All operations failed (code=1)
2026-04-20 02:32:39,982 [ERROR] okx_client: API 错误: Invalid Sign (code=50113)
2026-04-20 02:33:30,546 [ERROR] okx_client: API 错误: All operations failed (code=1)
2026-04-20 02:33:30,597 [ERROR] okx_client: API 错误: All operations failed (code=1)
2026-04-20 02:33:30,653 [ERROR] okx_client: API 错误: All operations failed (code=1)
2026-04-20 02:43:58,975 [INFO] main: >>> ⚠️  实盘模式启动 — 将进行真实交易 <<<
2026-04-20 02:43:58,976 [WARNING] main: 当前连接 OKX 真实环境！请确认资金充足！
2026-04-20 02:43:58,976 [INFO] trader: === 初始化交易环境 ===
2026-04-20 02:43:59,196 [INFO] trader: 账户模式设置: 
2026-04-20 02:43:59,759 [INFO] trader: 设置 margin_2x 杠杆 2x: 
2026-04-20 02:44:00,317 [INFO] trader: 设置 margin_3x 杠杆 3x: 
2026-04-20 02:44:00,367 [INFO] trader: USDT 可用余额: 54.58098155689926
2026-04-20 02:44:00,367 [INFO] trader: 资金基准已同步: $100.00 -> $54.58 (spot $21.83 | 2x $19.10 | 3x $13.65)
2026-04-20 02:44:00,425 [INFO] risk_manager: 新仓位: margin_3x buy 0.00069676209 BTC @ 74459.54423801265 | SL=73342.7 TP=75948.7
2026-04-20 02:44:00,425 [WARNING] trader: [RECOVER] 发现交易所已有 margin_3x 仓位: buy 0.00069676209 BTC @ 74459.54423801265, 已注册到本地
2026-04-20 02:44:00,426 [INFO] trader: === 初始化完成 ===
2026-04-20 02:44:00,426 [INFO] main: ── 第 1 轮 | 02:44:00 UTC ──
2026-04-20 02:44:00,657 [INFO] strategy: 信号: HOLD | 强度: 0.228 | 价格: 74439.9 | ATR: 219.2 | EMA金叉(+1.00) | BB%=0.73(-0.60)
2026-04-20 02:44:00,707 [INFO] main: 等待 900s 到下一根K线...
2026-04-20 02:59:01,058 [INFO] main: ── 第 2 轮 | 02:59:01 UTC ──
2026-04-20 02:59:01,415 [INFO] strategy: 信号: HOLD | 强度: 0.010 | 价格: 74410.8 | ATR: 205.1 | 无明显信号
2026-04-20 02:59:01,471 [INFO] main: 等待 900s 到下一根K线...
2026-04-20 03:14:01,884 [INFO] main: ── 第 3 轮 | 03:14:01 UTC ──
2026-04-20 03:14:02,182 [INFO] strategy: 信号: HOLD | 强度: 0.155 | 价格: 74480.4 | ATR: 194.7 | BB%=0.74(-0.60)
2026-04-20 03:14:02,241 [INFO] main: 等待 900s 到下一根K线...
2026-04-20 03:29:02,541 [INFO] main: ── 第 4 轮 | 03:29:02 UTC ──
2026-04-20 03:29:02,831 [INFO] strategy: 信号: HOLD | 强度: 0.169 | 价格: 74534.8 | ATR: 194.8 | BB%=0.77(-0.60) | 量比=1.6
2026-04-20 03:29:02,886 [INFO] main: 等待 900s 到下一根K线...
2026-04-20 03:44:03,210 [INFO] main: ── 第 5 轮 | 03:44:03 UTC ──
2026-04-20 03:44:03,522 [INFO] strategy: 信号: HOLD | 强度: 0.134 | 价格: 74570.6 | ATR: 184.9 | BB%=0.77(-0.60)
2026-04-20 03:44:03,577 [INFO] main: 等待 900s 到下一根K线...
2026-04-20 03:59:03,926 [INFO] main: ── 第 6 轮 | 03:59:03 UTC ──
2026-04-20 03:59:04,282 [INFO] strategy: 信号: HOLD | 强度: 0.118 | 价格: 74633.4 | ATR: 172.3 | BB%=0.80(-0.60)
2026-04-20 03:59:04,338 [INFO] main: 等待 900s 到下一根K线...
2026-04-20 04:14:04,616 [INFO] main: ── 第 7 轮 | 04:14:04 UTC ──
2026-04-20 04:14:05,023 [INFO] strategy: 信号: HOLD | 强度: 0.050 | 价格: 74519.6 | ATR: 167.1 | 无明显信号
2026-04-20 04:14:05,076 [INFO] main: 等待 900s 到下一根K线...
2026-04-20 04:29:05,340 [INFO] main: ── 第 8 轮 | 04:29:05 UTC ──
2026-04-20 04:29:05,618 [INFO] strategy: 信号: HOLD | 强度: 0.044 | 价格: 74503.9 | ATR: 156.8 | 无明显信号
2026-04-20 04:29:05,672 [INFO] main: 等待 900s 到下一根K线...
2026-04-20 04:44:06,061 [INFO] main: ── 第 9 轮 | 04:44:06 UTC ──
2026-04-20 04:44:06,443 [INFO] strategy: 信号: HOLD | 强度: 0.038 | 价格: 74456.2 | ATR: 147.6 | 量比=1.3
2026-04-20 04:44:06,494 [INFO] main: 等待 900s 到下一根K线...
2026-04-20 04:59:06,794 [INFO] main: ── 第 10 轮 | 04:59:06 UTC ──
2026-04-20 04:59:07,249 [INFO] strategy: 信号: HOLD | 强度: 0.041 | 价格: 74563.7 | ATR: 147.4 | 无明显信号
2026-04-20 04:59:07,302 [INFO] main: 等待 900s 到下一根K线...
2026-04-20 05:14:07,601 [INFO] main: ── 第 11 轮 | 05:14:07 UTC ──
2026-04-20 05:14:07,991 [INFO] strategy: 信号: HOLD | 强度: 0.221 | 价格: 74317.9 | ATR: 168.2 | BB%=0.26(+0.60) | 量比=2.3
2026-04-20 05:14:08,049 [INFO] main: 等待 900s 到下一根K线...
2026-04-20 05:29:08,356 [INFO] main: ── 第 12 轮 | 05:29:08 UTC ──
2026-04-20 05:29:08,635 [INFO] strategy: 信号: HOLD | 强度: 0.123 | 价格: 74166.5 | ATR: 176.1 | EMA死叉(-1.00) | BB%=-0.00(+1.00) | 量比=1.5
2026-04-20 05:29:08,692 [INFO] main: 等待 900s 到下一根K线...
2026-04-20 05:44:08,986 [INFO] main: ── 第 13 轮 | 05:44:08 UTC ──
2026-04-20 05:44:09,295 [INFO] strategy: 信号: LONG | 强度: 0.355 | 价格: 74202.6 | ATR: 170.0 | RSI=41.7(+0.40) | BB%=0.07(+1.00)
2026-04-20 05:44:09,423 [INFO] trader: [spot] 准备下单: buy 0.00029 BTC @ ~74202.6 | SL=73947.5 TP=77541.7 | 信号强度=0.355
2026-04-20 05:44:09,475 [INFO] okx_client: 下单成功: buy 0.00029 BTC-USDT | ordId=3495078272755064832
2026-04-20 05:44:10,032 [INFO] risk_manager: 新仓位: spot buy 0.00029 BTC @ 74202.6 | SL=73947.5 TP=77541.7
2026-04-20 05:44:10,087 [INFO] okx_client: 策略委托成功: sell 0.00029 BTC-USDT
2026-04-20 05:44:10,087 [INFO] trader: [spot] 止盈止损委托已挂出: SL=73947.5 TP=77541.7
2026-04-20 05:44:10,087 [INFO] trader: [margin_2x] 准备下单: buy 0.00051 BTC @ ~74202.6 | SL=73947.5 TP=76428.7 | 信号强度=0.355
2026-04-20 05:44:10,141 [INFO] okx_client: 杠杆买入: 0.00051 BTC -> 37.84 USDT
2026-04-20 05:44:10,199 [INFO] okx_client: 下单成功: buy 0.00051 BTC-USDT | ordId=3495078296813592576
2026-04-20 05:44:10,758 [INFO] risk_manager: 新仓位: margin_2x buy 0.00051 BTC @ 74202.6 | SL=73947.5 TP=76428.7
2026-04-20 05:44:10,808 [ERROR] okx_client: API 错误:  (code=1)
2026-04-20 05:44:10,808 [INFO] trader: [margin_2x] 止盈止损委托已挂出: SL=73947.5 TP=76428.7
2026-04-20 05:44:10,809 [INFO] main: 等待 900s 到下一根K线...
2026-04-20 05:58:43,686 [INFO] okx_client: 杠杆买入: 0.00043 BTC -> 31.94 USDT
2026-04-20 05:58:43,736 [INFO] okx_client: 下单成功: buy 0.00043 BTC-USDT | ordId=3495107607985676288
2026-04-20 05:58:58,421 [INFO] okx_client: 杠杆买入: 0.00043 BTC -> 31.94 USDT
2026-04-20 05:58:58,473 [ERROR] okx_client: API 错误: All operations failed (code=1)
2026-04-20 05:58:58,473 [ERROR] okx_client: 下单失败: All operations failed
2026-04-20 05:59:11,078 [INFO] main: ── 第 14 轮 | 05:59:11 UTC ──
2026-04-20 05:59:11,290 [INFO] trader: [SYNC] 交易所 margin_2x 仓位已消失 (algo 触发), 按 73947.5 标记平仓
2026-04-20 05:59:11,290 [INFO] risk_manager: 平仓: margin_2x buy 0.00051 BTC @ 73947.5 | PnL=-0.1301 USDT | 当日PnL=-0.1301
2026-04-20 05:59:11,371 [INFO] strategy: 信号: HOLD | 强度: 0.114 | 价格: 74280.8 | ATR: 173.9 | BB%=0.23(+0.60)
2026-04-20 05:59:11,439 [INFO] main: 等待 900s 到下一根K线...
2026-04-20 06:09:55,387 [INFO] okx_client: 下单成功: sell 0.00067441 BTC-USDT | ordId=3495130144954146816
2026-04-20 06:11:53,832 [INFO] main: >>> ⚠️  实盘模式启动 — 将进行真实交易 <<<
2026-04-20 06:11:53,832 [WARNING] main: 当前连接 OKX 真实环境！请确认资金充足！
2026-04-20 06:11:53,832 [INFO] trader: === 初始化交易环境 ===
2026-04-20 06:11:53,971 [INFO] trader: 账户模式设置: 
2026-04-20 06:11:54,529 [INFO] trader: 设置 margin_2x 杠杆 2x: 
2026-04-20 06:11:55,084 [INFO] trader: 设置 margin_3x 杠杆 3x: 
2026-04-20 06:11:55,139 [INFO] trader: USDT 可用余额: 100.31907366920655
2026-04-20 06:11:55,139 [INFO] trader: 资金基准已同步: $100.00 -> $100.32 (spot $40.13 | 2x $35.11 | 3x $25.08)
2026-04-20 06:11:55,194 [INFO] trader: === 初始化完成 ===
2026-04-20 06:11:55,194 [INFO] main: ── 第 1 轮 | 06:11:55 UTC ──
2026-04-20 06:11:55,378 [INFO] strategy: 信号: HOLD | 强度: 0.112 | 价格: 74282.6 | ATR: 173.4 | BB%=0.24(+0.60)
2026-04-20 06:11:55,379 [INFO] main: 等待 900s 到下一根K线...
2026-04-20 06:26:55,639 [INFO] main: ── 第 2 轮 | 06:26:55 UTC ──
2026-04-20 06:26:55,918 [INFO] strategy: 信号: HOLD | 强度: 0.047 | 价格: 74367.1 | ATR: 171.2 | 无明显信号
2026-04-20 06:26:55,918 [INFO] main: 等待 900s 到下一根K线...
2026-04-20 06:41:56,289 [INFO] main: ── 第 3 轮 | 06:41:56 UTC ──
2026-04-20 06:41:56,723 [INFO] strategy: 信号: HOLD | 强度: 0.135 | 价格: 74788.8 | ATR: 222.0 | EMA金叉(+1.00) | BB%=1.03(-1.00) | 量比=2.2
2026-04-20 06:41:56,724 [INFO] main: 等待 900s 到下一根K线...
2026-04-20 06:56:57,018 [INFO] main: ── 第 4 轮 | 06:56:57 UTC ──
2026-04-20 06:56:57,363 [INFO] strategy: 信号: SHORT | 强度: 0.381 | 价格: 74751.9 | ATR: 216.6 | RSI=59.8(-0.40) | BB%=0.93(-1.00) | 量比=1.2
2026-04-20 06:56:57,473 [INFO] trader: [margin_2x] 准备下单: sell 0.00094 BTC @ ~74751.9 | SL=75076.8 TP=72509.3 | 信号强度=0.381
2026-04-20 06:56:57,543 [INFO] okx_client: 下单成功: sell 0.00094 BTC-USDT | ordId=3495224840829296640
2026-04-20 06:56:58,097 [INFO] risk_manager: 新仓位: margin_2x sell 0.00094 BTC @ 74751.9 | SL=75076.8 TP=72509.3
2026-04-20 06:56:58,148 [ERROR] okx_client: API 错误: Your order should meet or exceed the minimum order amount. (code=51020)
2026-04-20 06:56:58,148 [INFO] trader: [margin_2x] 止盈止损委托已挂出: SL=75076.8 TP=72509.3
2026-04-20 06:56:58,148 [INFO] trader: [3x] 做空信号强度 0.381 不足, 跳过
2026-04-20 06:56:58,148 [INFO] main: 等待 900s 到下一根K线...
2026-04-20 07:11:58,415 [INFO] main: ── 第 5 轮 | 07:11:58 UTC ──
2026-04-20 07:11:58,603 [INFO] trader: [SYNC] 交易所 margin_2x 仓位已消失 (algo 触发), 按 75076.8 标记平仓
2026-04-20 07:11:58,603 [INFO] risk_manager: 平仓: margin_2x sell 0.00094 BTC @ 75076.8 | PnL=-0.3054 USDT | 当日PnL=-0.3054
2026-04-20 07:11:58,676 [INFO] strategy: 信号: SHORT | 强度: 0.322 | 价格: 74775.9 | ATR: 211.1 | RSI=60.7(-0.40) | BB%=0.90(-1.00)
2026-04-20 07:11:58,744 [INFO] trader: [margin_2x] 准备下单: sell 0.00094 BTC @ ~74775.9 | SL=75092.5 TP=72532.6 | 信号强度=0.322
2026-04-20 07:11:58,803 [INFO] okx_client: 下单成功: sell 0.00094 BTC-USDT | ordId=3495255082163789824
2026-04-20 07:11:59,359 [INFO] risk_manager: 新仓位: margin_2x sell 0.00094 BTC @ 74775.9 | SL=75092.5 TP=72532.6
2026-04-20 07:11:59,421 [ERROR] okx_client: API 错误: Your order should meet or exceed the minimum order amount. (code=51020)
2026-04-20 07:11:59,422 [INFO] trader: [margin_2x] 止盈止损委托已挂出: SL=75092.5 TP=72532.6
2026-04-20 07:11:59,422 [INFO] trader: [3x] 做空信号强度 0.322 不足, 跳过
2026-04-20 07:11:59,422 [INFO] main: 等待 900s 到下一根K线...
2026-04-20 07:26:59,671 [INFO] main: ── 第 6 轮 | 07:26:59 UTC ──
2026-04-20 07:26:59,860 [INFO] trader: [SYNC] 交易所 margin_2x 仓位已消失 (algo 触发), 按 75092.5 标记平仓
2026-04-20 07:26:59,860 [INFO] risk_manager: 平仓: margin_2x sell 0.00094 BTC @ 75092.5 | PnL=-0.2976 USDT | 当日PnL=-0.6030
2026-04-20 07:26:59,934 [INFO] strategy: 信号: HOLD | 强度: 0.167 | 价格: 75165.2 | ATR: 297.1 | EMA金叉(+0.36) | BB%=1.17(-1.00) | 量比=4.5
2026-04-20 07:26:59,934 [INFO] main: 等待 900s 到下一根K线...
2026-04-20 07:42:00,246 [INFO] main: ── 第 7 轮 | 07:42:00 UTC ──
2026-04-20 07:42:00,563 [INFO] strategy: 信号: HOLD | 强度: 0.277 | 价格: 74945.6 | ATR: 310.0 | EMA金叉(+0.42) | RSI=60.6(-0.40) | BB%=0.88(-1.00) | 量比=1.6
2026-04-20 07:42:00,563 [INFO] main: 等待 900s 到下一根K线...
2026-04-20 07:57:00,796 [INFO] main: ── 第 8 轮 | 07:57:00 UTC ──
2026-04-20 07:57:01,127 [INFO] strategy: 信号: HOLD | 强度: 0.155 | 价格: 74781.6 | ATR: 315.6 | EMA金叉(+0.39) | RSI=55.5(-0.40) | BB%=0.71(-0.60) | 量比=3.1
2026-04-20 07:57:01,127 [INFO] main: 等待 900s 到下一根K线...
2026-04-20 08:12:01,437 [INFO] main: ── 第 9 轮 | 08:12:01 UTC ──
2026-04-20 08:12:01,747 [INFO] strategy: 信号: HOLD | 强度: 0.174 | 价格: 74761.3 | ATR: 298.5 | EMA金叉(+0.37) | 量比=5.3
2026-04-20 08:12:01,747 [INFO] main: 等待 900s 到下一根K线...
2026-04-20 08:27:02,016 [INFO] main: ── 第 10 轮 | 08:27:02 UTC ──
2026-04-20 08:27:02,317 [INFO] strategy: 信号: HOLD | 强度: 0.161 | 价格: 74728.1 | ATR: 305.1 | EMA金叉(+0.34) | 量比=5.5
2026-04-20 08:27:02,317 [INFO] main: 等待 900s 到下一根K线...
2026-04-20 08:42:02,603 [INFO] main: ── 第 11 轮 | 08:42:02 UTC ──
2026-04-20 08:42:02,915 [INFO] strategy: 信号: HOLD | 强度: 0.019 | 价格: 74787.8 | ATR: 288.7 | EMA金叉(+0.33) | RSI=55.4(-0.40)
2026-04-20 08:42:02,916 [INFO] main: 等待 900s 到下一根K线...
2026-04-20 08:57:03,257 [INFO] main: ── 第 12 轮 | 08:57:03 UTC ──
2026-04-20 08:57:03,590 [INFO] strategy: 信号: HOLD | 强度: 0.113 | 价格: 74692.2 | ATR: 282.6 | 无明显信号
2026-04-20 08:57:03,591 [INFO] main: 等待 900s 到下一根K线...
2026-04-20 09:12:03,875 [INFO] main: ── 第 13 轮 | 09:12:03 UTC ──
2026-04-20 09:12:04,181 [INFO] strategy: 信号: HOLD | 强度: 0.045 | 价格: 74944.6 | ATR: 289.5 | EMA金叉(+0.32) | BB%=0.76(-0.60)
2026-04-20 09:12:04,181 [INFO] main: 等待 900s 到下一根K线...
2026-04-20 09:27:04,458 [INFO] main: ── 第 14 轮 | 09:27:04 UTC ──
2026-04-20 09:27:04,744 [INFO] strategy: 信号: HOLD | 强度: 0.019 | 价格: 75071.8 | ATR: 276.7 | EMA金叉(+0.38) | BB%=0.82(-0.60)
2026-04-20 09:27:04,745 [INFO] main: 等待 900s 到下一根K线...
2026-04-20 09:42:04,984 [INFO] main: ── 第 15 轮 | 09:42:04 UTC ──
2026-04-20 09:42:05,274 [INFO] strategy: 信号: HOLD | 强度: 0.115 | 价格: 75184.8 | ATR: 267.9 | EMA金叉(+0.43) | BB%=0.87(-1.00)
2026-04-20 09:42:05,274 [INFO] main: 等待 900s 到下一根K线...
2026-04-20 09:57:05,534 [INFO] main: ── 第 16 轮 | 09:57:05 UTC ──
2026-04-20 09:57:05,858 [INFO] strategy: 信号: HOLD | 强度: 0.115 | 价格: 75085.4 | ATR: 263.1 | EMA金叉(+0.43) | RSI=61.3(-0.40) | BB%=0.77(-0.60)
2026-04-20 09:57:05,859 [INFO] main: 等待 900s 到下一根K线...
2026-04-20 10:12:06,129 [INFO] main: ── 第 17 轮 | 10:12:06 UTC ──
2026-04-20 10:12:06,403 [INFO] strategy: 信号: HOLD | 强度: 0.088 | 价格: 75340.5 | ATR: 266.4 | EMA金叉(+0.49) | BB%=0.90(-1.00)
2026-04-20 10:12:06,404 [INFO] main: 等待 900s 到下一根K线...
2026-04-20 10:27:06,658 [INFO] main: ── 第 18 轮 | 10:27:06 UTC ──
2026-04-20 10:27:06,941 [INFO] strategy: 信号: HOLD | 强度: 0.188 | 价格: 75309.3 | ATR: 249.5 | EMA金叉(+0.53) | RSI=65.3(-0.40) | BB%=0.85(-1.00)
2026-04-20 10:27:06,942 [INFO] main: 等待 900s 到下一根K线...
2026-04-20 10:42:07,187 [INFO] main: ── 第 19 轮 | 10:42:07 UTC ──
2026-04-20 10:42:07,478 [INFO] strategy: 信号: HOLD | 强度: 0.084 | 价格: 75169.3 | ATR: 236.9 | EMA金叉(+0.50) | RSI=60.0(-0.40) | BB%=0.74(-0.60)
2026-04-20 10:42:07,479 [INFO] main: 等待 900s 到下一根K线...
2026-04-20 10:57:07,731 [INFO] main: ── 第 20 轮 | 10:57:07 UTC ──
2026-04-20 10:57:08,101 [INFO] strategy: 信号: HOLD | 强度: 0.065 | 价格: 75056.4 | ATR: 224.5 | EMA金叉(+0.45) | RSI=56.0(-0.40)
2026-04-20 10:57:08,101 [INFO] main: 等待 900s 到下一根K线...
2026-04-20 11:12:08,331 [INFO] main: ── 第 21 轮 | 11:12:08 UTC ──
2026-04-20 11:12:08,610 [INFO] strategy: 信号: HOLD | 强度: 0.162 | 价格: 75114.5 | ATR: 229.2 | EMA金叉(+0.41)
2026-04-20 11:12:08,611 [INFO] main: 等待 900s 到下一根K线...
2026-04-20 11:27:08,870 [INFO] main: ── 第 22 轮 | 11:27:08 UTC ──
2026-04-20 11:27:09,138 [INFO] strategy: 信号: HOLD | 强度: 0.006 | 价格: 75207.8 | ATR: 226.1 | EMA金叉(+0.41) | BB%=0.77(-0.60)
2026-04-20 11:27:09,139 [INFO] main: 等待 900s 到下一根K线...
2026-04-20 11:42:09,351 [INFO] main: ── 第 23 轮 | 11:42:09 UTC ──
2026-04-20 11:42:09,658 [INFO] strategy: 信号: HOLD | 强度: 0.014 | 价格: 75217.7 | ATR: 222.8 | EMA金叉(+0.39) | BB%=0.76(-0.60)
2026-04-20 11:42:09,659 [INFO] main: 等待 900s 到下一根K线...
2026-04-20 11:57:09,922 [INFO] main: ── 第 24 轮 | 11:57:09 UTC ──
2026-04-20 11:57:10,238 [INFO] strategy: 信号: HOLD | 强度: 0.033 | 价格: 75169.4 | ATR: 209.2 | EMA金叉(+0.37) | RSI=58.0(-0.40)
2026-04-20 11:57:10,239 [INFO] main: 等待 900s 到下一根K线...
2026-04-20 12:12:10,537 [INFO] main: ── 第 25 轮 | 12:12:10 UTC ──
2026-04-20 12:12:10,802 [INFO] strategy: 信号: HOLD | 强度: 0.125 | 价格: 75351.2 | ATR: 224.4 | EMA金叉(+0.40) | BB%=0.87(-1.00)
2026-04-20 12:12:10,802 [INFO] main: 等待 900s 到下一根K线...
2026-04-20 12:27:11,094 [INFO] main: ── 第 26 轮 | 12:27:11 UTC ──
2026-04-20 12:27:11,379 [INFO] strategy: 信号: HOLD | 强度: 0.112 | 价格: 75434.2 | ATR: 242.4 | EMA金叉(+0.43) | BB%=0.93(-1.00)
2026-04-20 12:27:11,379 [INFO] main: 等待 900s 到下一根K线...
2026-04-20 12:42:11,596 [INFO] main: ── 第 27 轮 | 12:42:11 UTC ──
2026-04-20 12:42:11,866 [INFO] strategy: 信号: HOLD | 强度: 0.148 | 价格: 75163.3 | ATR: 265.4 | EMA金叉(+0.37)
2026-04-20 12:42:11,866 [INFO] main: 等待 900s 到下一根K线...
2026-04-20 12:57:12,186 [INFO] main: ── 第 28 轮 | 12:57:12 UTC ──
2026-04-20 12:57:12,510 [INFO] strategy: 信号: HOLD | 强度: 0.143 | 价格: 75256.6 | ATR: 252.4 | EMA金叉(+0.36)
2026-04-20 12:57:12,510 [INFO] main: 等待 900s 到下一根K线...
2026-04-20 13:12:12,783 [INFO] main: ── 第 29 轮 | 13:12:12 UTC ──
2026-04-20 13:12:13,048 [INFO] strategy: 信号: HOLD | 强度: 0.026 | 价格: 75281.1 | ATR: 249.8 | EMA金叉(+0.35) | RSI=58.3(-0.40) | 量比=1.4
2026-04-20 13:12:13,048 [INFO] main: 等待 900s 到下一根K线...
2026-04-20 13:27:13,257 [INFO] main: ── 第 30 轮 | 13:27:13 UTC ──
2026-04-20 13:27:13,530 [INFO] strategy: 信号: HOLD | 强度: 0.109 | 价格: 75085.5 | ATR: 252.3 | 量比=1.4
2026-04-20 13:27:13,531 [INFO] main: 等待 900s 到下一根K线...
2026-04-20 13:42:13,729 [INFO] main: ── 第 31 轮 | 13:42:13 UTC ──
2026-04-20 13:42:14,113 [INFO] strategy: 信号: HOLD | 强度: 0.122 | 价格: 75224.1 | ATR: 295.0 | 量比=2.2
2026-04-20 13:42:14,113 [INFO] main: 等待 900s 到下一根K线...
2026-04-20 13:57:14,319 [INFO] main: ── 第 32 轮 | 13:57:14 UTC ──
2026-04-20 13:57:14,664 [INFO] strategy: 信号: HOLD | 强度: 0.022 | 价格: 75213.0 | ATR: 301.9 | RSI=55.4(-0.40)
2026-04-20 13:57:14,665 [INFO] main: 等待 900s 到下一根K线...
2026-04-20 14:12:14,887 [INFO] main: ── 第 33 轮 | 14:12:14 UTC ──
2026-04-20 14:12:15,257 [INFO] strategy: 信号: HOLD | 强度: 0.240 | 价格: 75062.0 | ATR: 294.1 | BB%=0.17(+0.60)
2026-04-20 14:12:15,257 [INFO] main: 等待 900s 到下一根K线...
2026-04-20 14:27:15,521 [INFO] main: ── 第 34 轮 | 14:27:15 UTC ──
2026-04-20 14:27:15,810 [INFO] strategy: 信号: HOLD | 强度: 0.210 | 价格: 75589.1 | ATR: 354.7 | BB%=1.19(-1.00) | 量比=1.6
2026-04-20 14:27:15,810 [INFO] main: 等待 900s 到下一根K线...
2026-04-20 14:42:16,050 [INFO] main: ── 第 35 轮 | 14:42:16 UTC ──
2026-04-20 14:42:16,360 [INFO] strategy: 信号: HOLD | 强度: 0.095 | 价格: 75266.3 | ATR: 370.5 | 无明显信号
2026-04-20 14:42:16,360 [INFO] main: 等待 900s 到下一根K线...
2026-04-20 14:57:16,540 [INFO] main: ── 第 36 轮 | 14:57:16 UTC ──
2026-04-20 14:57:16,856 [INFO] strategy: 信号: LONG | 强度: 0.406 | 价格: 74979.8 | ATR: 389.9 | BB%=0.02(+1.00) | 量比=1.6
2026-04-20 14:57:16,944 [INFO] trader: [spot] 准备下单: buy 0.00054 BTC @ ~74979.8 | SL=74395.0 TP=78353.9 | 信号强度=0.406
2026-04-20 14:57:17,003 [INFO] okx_client: 下单成功: buy 0.00054 BTC-USDT | ordId=3496191861238816768
2026-04-20 14:57:17,567 [INFO] risk_manager: 新仓位: spot buy 0.00054 BTC @ 74982.2 | SL=74397.4 TP=78356.4
2026-04-20 14:57:17,626 [ERROR] okx_client: API 错误:  (code=1)
2026-04-20 14:57:17,627 [INFO] trader: [spot] 止盈止损委托已挂出: SL=74397.4 TP=78356.4
2026-04-20 14:57:17,627 [INFO] trader: [margin_2x] 准备下单: buy 0.0009 BTC @ ~74979.8 | SL=74395.0 TP=77229.2 | 信号强度=0.406
2026-04-20 14:57:17,686 [INFO] okx_client: 杠杆买入: 0.0009 BTC -> 67.48 USDT
2026-04-20 14:57:17,739 [INFO] okx_client: 下单成功: buy 0.0009 BTC-USDT | ordId=3496191885968433152
2026-04-20 14:57:18,302 [INFO] risk_manager: 新仓位: margin_2x buy 0.0009 BTC @ 74982.3 | SL=74397.5 TP=77231.8
2026-04-20 14:57:18,354 [ERROR] okx_client: API 错误:  (code=1)
2026-04-20 14:57:18,354 [INFO] trader: [margin_2x] 止盈止损委托已挂出: SL=74397.5 TP=77231.8
2026-04-20 14:57:18,355 [INFO] trader: [margin_3x] 准备下单: buy 0.00043 BTC @ ~74979.8 | SL=74395.0 TP=76479.4 | 信号强度=0.406
2026-04-20 14:57:18,412 [INFO] okx_client: 杠杆买入: 0.00043 BTC -> 32.24 USDT
2026-04-20 14:57:18,461 [INFO] okx_client: 下单成功: buy 0.00043 BTC-USDT | ordId=3496191910295396352
2026-04-20 14:57:19,024 [INFO] risk_manager: 新仓位: margin_3x buy 0.00043 BTC @ 74982.3 | SL=74397.5 TP=76481.9
2026-04-20 14:57:19,089 [ERROR] okx_client: API 错误:  (code=1)
2026-04-20 14:57:19,089 [INFO] trader: [margin_3x] 止盈止损委托已挂出: SL=74397.5 TP=76481.9
2026-04-20 14:57:19,090 [INFO] main: 等待 900s 到下一根K线...
2026-04-20 15:12:19,317 [INFO] main: ── 第 37 轮 | 15:12:19 UTC ──
2026-04-20 15:12:19,610 [INFO] trader: [SYNC] 交易所 margin_2x 仓位已消失 (algo 触发), 按 74965.2 标记平仓
2026-04-20 15:12:19,610 [INFO] risk_manager: 平仓: margin_2x buy 0.0009 BTC @ 74965.2 | PnL=-0.0154 USDT | 当日PnL=-0.6184
2026-04-20 15:12:19,737 [INFO] strategy: 信号: LONG | 强度: 0.368 | 价格: 74951.0 | ATR: 389.2 | BB%=0.02(+1.00) | 量比=2.2
2026-04-20 15:12:19,966 [INFO] main: 等待 900s 到下一根K线...
2026-04-20 15:27:20,202 [INFO] main: ── 第 38 轮 | 15:27:20 UTC ──
2026-04-20 15:27:20,464 [INFO] strategy: 信号: HOLD | 强度: 0.227 | 价格: 75549.1 | ATR: 407.4 | BB%=1.03(-1.00) | 量比=1.1
2026-04-20 15:27:20,521 [INFO] main: 等待 900s 到下一根K线...
2026-04-20 15:42:20,758 [INFO] main: ── 第 39 轮 | 15:42:20 UTC ──
2026-04-20 15:42:21,030 [INFO] strategy: 信号: HOLD | 强度: 0.276 | 价格: 75606.4 | ATR: 406.6 | EMA金叉(+0.31) | RSI=59.0(-0.40) | BB%=0.94(-1.00)
2026-04-20 15:42:21,086 [INFO] main: 等待 900s 到下一根K线...
2026-04-20 15:57:21,314 [INFO] main: ── 第 40 轮 | 15:57:21 UTC ──
2026-04-20 15:57:21,642 [INFO] strategy: 信号: HOLD | 强度: 0.145 | 价格: 75629.9 | ATR: 372.1 | EMA金叉(+0.35) | BB%=0.92(-1.00)
2026-04-20 15:57:21,697 [INFO] main: 等待 900s 到下一根K线...
2026-04-20 16:12:21,963 [INFO] main: ── 第 41 轮 | 16:12:21 UTC ──
2026-04-20 16:12:22,239 [INFO] strategy: 信号: HOLD | 强度: 0.139 | 价格: 75463.0 | ATR: 369.1 | EMA金叉(+0.35)
2026-04-20 16:12:22,304 [INFO] main: 等待 900s 到下一根K线...
2026-04-20 16:27:22,524 [INFO] main: ── 第 42 轮 | 16:27:22 UTC ──
2026-04-20 16:27:22,807 [INFO] strategy: 信号: HOLD | 强度: 0.112 | 价格: 75343.7 | ATR: 346.5 | 无明显信号
2026-04-20 16:27:22,860 [INFO] main: 等待 900s 到下一根K线...
2026-04-20 16:42:23,164 [INFO] main: ── 第 43 轮 | 16:42:23 UTC ──
2026-04-20 16:42:23,419 [INFO] strategy: 信号: HOLD | 强度: 0.111 | 价格: 75480.6 | ATR: 335.0 | 无明显信号
2026-04-20 16:42:23,469 [INFO] main: 等待 900s 到下一根K线...
2026-04-20 16:57:23,692 [INFO] main: ── 第 44 轮 | 16:57:23 UTC ──
2026-04-20 16:57:23,982 [INFO] strategy: 信号: HOLD | 强度: 0.091 | 价格: 75336.0 | ATR: 323.5 | 无明显信号
2026-04-20 16:57:24,042 [INFO] main: 等待 900s 到下一根K线...
2026-04-20 17:12:24,256 [INFO] main: ── 第 45 轮 | 17:12:24 UTC ──
2026-04-20 17:12:24,496 [INFO] strategy: 信号: HOLD | 强度: 0.172 | 价格: 75670.0 | ATR: 335.9 | BB%=0.86(-1.00)
2026-04-20 17:12:24,547 [INFO] main: 等待 900s 到下一根K线...
2026-04-20 17:27:24,734 [INFO] main: ── 第 46 轮 | 17:27:24 UTC ──
2026-04-20 17:27:25,041 [INFO] strategy: 信号: HOLD | 强度: 0.153 | 价格: 75737.8 | ATR: 328.3 | EMA金叉(+0.33) | BB%=0.90(-1.00)
2026-04-20 17:27:25,092 [INFO] main: 等待 900s 到下一根K线...
2026-04-20 17:42:25,277 [INFO] main: ── 第 47 轮 | 17:42:25 UTC ──
2026-04-20 17:42:25,548 [INFO] strategy: 信号: HOLD | 强度: 0.132 | 价格: 75820.5 | ATR: 317.1 | EMA金叉(+0.38) | BB%=0.93(-1.00)
2026-04-20 17:42:25,604 [INFO] main: 等待 900s 到下一根K线...
2026-04-20 17:57:25,784 [INFO] main: ── 第 48 轮 | 17:57:25 UTC ──
2026-04-20 17:57:26,227 [INFO] strategy: 信号: HOLD | 强度: 0.139 | 价格: 75867.4 | ATR: 313.5 | EMA金叉(+0.42) | BB%=0.93(-1.00) | 量比=1.8
2026-04-20 17:57:26,280 [INFO] main: 等待 900s 到下一根K线...
2026-04-20 18:12:26,492 [INFO] main: ── 第 49 轮 | 18:12:26 UTC ──
2026-04-20 18:12:26,766 [INFO] strategy: 信号: HOLD | 强度: 0.068 | 价格: 76244.8 | ATR: 323.9 | EMA金叉(+0.57) | BB%=1.11(-1.00) | 量比=2.6
2026-04-20 18:12:26,823 [INFO] main: 等待 900s 到下一根K线...
2026-04-20 18:27:27,056 [INFO] main: ── 第 50 轮 | 18:27:27 UTC ──
2026-04-20 18:27:27,311 [INFO] strategy: 信号: HOLD | 强度: 0.146 | 价格: 76126.7 | ATR: 311.6 | EMA金叉(+0.63) | RSI=63.7(-0.40) | BB%=0.94(-1.00)
2026-04-20 18:27:27,359 [INFO] main: 等待 900s 到下一根K线...
2026-04-20 18:42:27,563 [INFO] main: ── 第 51 轮 | 18:42:27 UTC ──
2026-04-20 18:42:27,821 [INFO] strategy: 信号: HOLD | 强度: 0.009 | 价格: 76259.3 | ATR: 310.2 | EMA金叉(+0.69) | BB%=0.96(-1.00)
2026-04-20 18:42:27,875 [INFO] main: 等待 900s 到下一根K线...
2026-04-20 18:57:28,111 [INFO] main: ── 第 52 轮 | 18:57:28 UTC ──
2026-04-20 18:57:28,390 [INFO] strategy: 信号: HOLD | 强度: 0.014 | 价格: 76390.6 | ATR: 317.4 | EMA金叉(+0.75) | BB%=0.98(-1.00)
2026-04-20 18:57:28,437 [INFO] main: 等待 900s 到下一根K线...
2026-04-20 19:12:28,642 [INFO] main: ── 第 53 轮 | 19:12:28 UTC ──
2026-04-20 19:12:28,890 [INFO] strategy: 信号: HOLD | 强度: 0.034 | 价格: 76466.2 | ATR: 297.7 | EMA金叉(+0.80) | BB%=0.96(-1.00)
2026-04-20 19:12:28,944 [INFO] main: 等待 900s 到下一根K线...
2026-04-20 19:27:29,193 [INFO] main: ── 第 54 轮 | 19:27:29 UTC ──
2026-04-20 19:27:29,443 [INFO] strategy: 信号: HOLD | 强度: 0.017 | 价格: 76212.9 | ATR: 281.3 | EMA金叉(+0.76) | RSI=61.8(-0.40) | BB%=0.79(-0.60)
2026-04-20 19:27:29,492 [INFO] main: 等待 900s 到下一根K线...
2026-04-20 19:42:29,682 [INFO] main: ── 第 55 轮 | 19:42:29 UTC ──
2026-04-20 19:42:29,937 [INFO] strategy: 信号: HOLD | 强度: 0.120 | 价格: 76247.1 | ATR: 259.3 | EMA金叉(+0.73) | BB%=0.78(-0.60)
2026-04-20 19:42:29,983 [INFO] main: 等待 900s 到下一根K线...
2026-04-20 19:57:30,205 [INFO] main: ── 第 56 轮 | 19:57:30 UTC ──
2026-04-20 19:57:30,493 [INFO] strategy: 信号: HOLD | 强度: 0.115 | 价格: 76317.9 | ATR: 239.9 | EMA金叉(+0.72) | BB%=0.80(-0.60)
2026-04-20 19:57:30,549 [INFO] main: 等待 900s 到下一根K线...
2026-04-20 20:12:30,779 [INFO] main: ── 第 57 轮 | 20:12:30 UTC ──
2026-04-20 20:12:31,045 [INFO] strategy: 信号: HOLD | 强度: 0.104 | 价格: 76319.1 | ATR: 236.7 | EMA金叉(+0.69) | BB%=0.78(-0.60)
2026-04-20 20:12:31,093 [INFO] main: 等待 900s 到下一根K线...
2026-04-20 20:27:31,285 [INFO] main: ── 第 58 轮 | 20:27:31 UTC ──
2026-04-20 20:27:31,537 [INFO] strategy: 信号: HOLD | 强度: 0.105 | 价格: 76410.2 | ATR: 244.8 | EMA金叉(+0.69) | BB%=0.81(-0.60)
2026-04-20 20:27:31,589 [INFO] main: 等待 900s 到下一根K线...
2026-04-20 20:42:31,956 [INFO] main: ── 第 59 轮 | 20:42:31 UTC ──
2026-04-20 20:42:32,213 [INFO] strategy: 信号: HOLD | 强度: 0.129 | 价格: 76232.4 | ATR: 227.7 | EMA金叉(+0.61) | RSI=60.4(-0.40)
2026-04-20 20:42:32,267 [INFO] main: 等待 900s 到下一根K线...
2026-04-20 20:57:32,513 [INFO] main: ── 第 60 轮 | 20:57:32 UTC ──
2026-04-20 20:57:32,808 [INFO] strategy: 信号: HOLD | 强度: 0.229 | 价格: 76277.6 | ATR: 209.4 | EMA金叉(+0.57)
2026-04-20 20:57:32,858 [INFO] main: 等待 900s 到下一根K线...
2026-04-20 21:12:33,175 [INFO] main: ── 第 61 轮 | 21:12:33 UTC ──
2026-04-20 21:12:33,445 [INFO] strategy: 信号: HOLD | 强度: 0.205 | 价格: 75935.3 | ATR: 240.9 | EMA金叉(+0.43) | 量比=1.5
2026-04-20 21:12:33,498 [INFO] main: 等待 900s 到下一根K线...
2026-04-20 21:27:33,743 [INFO] main: ── 第 62 轮 | 21:27:33 UTC ──
2026-04-20 21:27:33,994 [INFO] strategy: 信号: HOLD | 强度: 0.136 | 价格: 75947.3 | ATR: 233.4 | EMA金叉(+0.34)
2026-04-20 21:27:34,044 [INFO] main: 等待 900s 到下一根K线...
2026-04-20 21:42:34,278 [INFO] main: ── 第 63 轮 | 21:42:34 UTC ──
2026-04-20 21:42:34,523 [INFO] strategy: 信号: HOLD | 强度: 0.094 | 价格: 75901.0 | ATR: 221.1 | 无明显信号
2026-04-20 21:42:34,572 [INFO] main: 等待 900s 到下一根K线...
2026-04-20 21:57:34,809 [INFO] main: ── 第 64 轮 | 21:57:34 UTC ──
2026-04-20 21:57:35,122 [INFO] strategy: 信号: HOLD | 强度: 0.067 | 价格: 75938.3 | ATR: 206.5 | 无明显信号
2026-04-20 21:57:35,176 [INFO] main: 等待 900s 到下一根K线...
2026-04-20 22:12:35,493 [INFO] main: ── 第 65 轮 | 22:12:35 UTC ──
2026-04-20 22:12:35,755 [INFO] strategy: 信号: HOLD | 强度: 0.065 | 价格: 76076.5 | ATR: 205.6 | 无明显信号
2026-04-20 22:12:35,809 [INFO] main: 等待 900s 到下一根K线...
2026-04-20 22:27:36,034 [INFO] main: ── 第 66 轮 | 22:27:36 UTC ──
2026-04-20 22:27:36,302 [INFO] strategy: 信号: HOLD | 强度: 0.212 | 价格: 75914.0 | ATR: 206.1 | BB%=0.22(+0.60)
2026-04-20 22:27:36,348 [INFO] main: 等待 900s 到下一根K线...
2026-04-20 22:42:36,625 [INFO] main: ── 第 67 轮 | 22:42:36 UTC ──
2026-04-20 22:42:36,882 [INFO] strategy: 信号: HOLD | 强度: 0.203 | 价格: 75975.5 | ATR: 202.2 | BB%=0.26(+0.60)
2026-04-20 22:42:36,935 [INFO] main: 等待 900s 到下一根K线...
2026-04-20 22:57:37,154 [INFO] main: ── 第 68 轮 | 22:57:37 UTC ──
2026-04-20 22:57:37,441 [INFO] strategy: 信号: HOLD | 强度: 0.197 | 价格: 75978.0 | ATR: 184.7 | BB%=0.25(+0.60)
2026-04-20 22:57:37,494 [INFO] main: 等待 900s 到下一根K线...
2026-04-20 23:12:37,775 [INFO] main: ── 第 69 轮 | 23:12:37 UTC ──
2026-04-20 23:12:38,026 [INFO] strategy: 信号: HOLD | 强度: 0.123 | 价格: 75727.8 | ATR: 193.8 | EMA死叉(-1.00) | BB%=-0.01(+1.00) | 量比=1.1
2026-04-20 23:12:38,080 [INFO] main: 等待 900s 到下一根K线...
2026-04-20 23:27:38,330 [INFO] main: ── 第 70 轮 | 23:27:38 UTC ──
2026-04-20 23:27:38,589 [INFO] strategy: 信号: HOLD | 强度: 0.250 | 价格: 75707.6 | ATR: 180.4 | BB%=0.03(+1.00)
2026-04-20 23:27:38,640 [INFO] main: 等待 900s 到下一根K线...
2026-04-20 23:42:38,843 [INFO] main: ── 第 71 轮 | 23:42:38 UTC ──
2026-04-20 23:42:39,101 [INFO] strategy: 信号: HOLD | 强度: 0.123 | 价格: 75802.9 | ATR: 188.4 | BB%=0.19(+0.60)
2026-04-20 23:42:39,150 [INFO] main: 等待 900s 到下一根K线...
2026-04-20 23:57:39,360 [INFO] main: ── 第 72 轮 | 23:57:39 UTC ──
2026-04-20 23:57:39,645 [INFO] strategy: 信号: HOLD | 强度: 0.133 | 价格: 75865.3 | ATR: 180.3 | BB%=0.28(+0.60) | 量比=1.1
2026-04-20 23:57:39,703 [INFO] main: 等待 900s 到下一根K线...
2026-04-21 00:12:39,940 [INFO] risk_manager: 日结: PnL=-0.6184 | 净值=99.70 | 交易次数=5
2026-04-21 00:12:39,940 [INFO] main: ── 第 73 轮 | 00:12:39 UTC ──
2026-04-21 00:12:40,185 [INFO] strategy: 信号: HOLD | 强度: 0.144 | 价格: 75833.1 | ATR: 187.4 | BB%=0.27(+0.60) | 量比=1.9
2026-04-21 00:12:40,231 [INFO] main: 等待 900s 到下一根K线...
2026-04-21 00:27:40,454 [INFO] main: ── 第 74 轮 | 00:27:40 UTC ──
2026-04-21 00:27:40,712 [INFO] strategy: 信号: HOLD | 强度: 0.043 | 价格: 75859.2 | ATR: 178.9 | 无明显信号
2026-04-21 00:27:40,765 [INFO] main: 等待 900s 到下一根K线...
2026-04-21 00:42:41,007 [INFO] main: ── 第 75 轮 | 00:42:41 UTC ──
2026-04-21 00:42:41,267 [INFO] strategy: 信号: HOLD | 强度: 0.028 | 价格: 75925.2 | ATR: 172.9 | 无明显信号
2026-04-21 00:42:41,317 [INFO] main: 等待 900s 到下一根K线...
2026-04-21 00:57:41,648 [INFO] main: ── 第 76 轮 | 00:57:41 UTC ──
2026-04-21 00:57:41,930 [INFO] strategy: 信号: HOLD | 强度: 0.008 | 价格: 76075.7 | ATR: 177.4 | 量比=1.1
2026-04-21 00:57:41,981 [INFO] main: 等待 900s 到下一根K线...
2026-04-21 01:12:42,272 [INFO] main: ── 第 77 轮 | 01:12:42 UTC ──
2026-04-21 01:12:42,543 [INFO] strategy: 信号: LONG | 强度: 0.399 | 价格: 76105.7 | ATR: 187.8 | EMA金叉(+1.00)
2026-04-21 01:12:42,674 [INFO] trader: [margin_2x] 准备下单: buy 0.00092 BTC @ ~76105.7 | SL=75824.0 TP=78388.9 | 信号强度=0.399
2026-04-21 01:12:42,729 [INFO] okx_client: 杠杆买入: 0.00092 BTC -> 70.02 USDT
2026-04-21 01:12:42,787 [INFO] okx_client: 下单成功: buy 0.00092 BTC-USDT | ordId=3497430884812873728
2026-04-21 01:12:43,337 [INFO] risk_manager: 新仓位: margin_2x buy 0.00092 BTC @ 76114.1 | SL=75832.4 TP=78397.5
2026-04-21 01:12:43,397 [ERROR] okx_client: API 错误:  (code=1)
2026-04-21 01:12:43,397 [INFO] trader: [margin_2x] 止盈止损委托已挂出: SL=75832.4 TP=78397.5
2026-04-21 01:12:43,398 [INFO] main: 等待 900s 到下一根K线...
2026-04-21 01:27:43,622 [INFO] main: ── 第 78 轮 | 01:27:43 UTC ──
2026-04-21 01:27:43,815 [INFO] trader: [SYNC] 交易所 margin_2x 仓位已消失 (algo 触发), 按 75832.4 标记平仓
2026-04-21 01:27:43,815 [INFO] risk_manager: 平仓: margin_2x buy 0.00092 BTC @ 75832.4 | PnL=-0.2592 USDT | 当日PnL=-0.2592
2026-04-21 01:27:43,890 [INFO] strategy: 信号: HOLD | 强度: 0.023 | 价格: 76013.1 | ATR: 179.8 | 无明显信号
2026-04-21 01:27:43,947 [INFO] main: 等待 900s 到下一根K线...
2026-04-21 01:42:44,277 [INFO] main: ── 第 79 轮 | 01:42:44 UTC ──
2026-04-21 01:42:44,517 [INFO] strategy: 信号: HOLD | 强度: 0.039 | 价格: 76049.2 | ATR: 188.8 | 无明显信号
2026-04-21 01:42:44,571 [INFO] main: 等待 900s 到下一根K线...
2026-04-21 01:57:44,814 [INFO] main: ── 第 80 轮 | 01:57:44 UTC ──
2026-04-21 01:57:45,110 [INFO] strategy: 信号: HOLD | 强度: 0.024 | 价格: 75884.6 | ATR: 191.9 | 无明显信号
2026-04-21 01:57:45,165 [INFO] main: 等待 900s 到下一根K线...
2026-04-21 02:12:45,480 [INFO] main: ── 第 81 轮 | 02:12:45 UTC ──
2026-04-21 02:12:45,749 [INFO] strategy: 信号: HOLD | 强度: 0.123 | 价格: 75715.3 | ATR: 195.8 | EMA死叉(-1.00) | BB%=0.11(+1.00) | 量比=1.1
2026-04-21 02:12:45,800 [INFO] main: 等待 900s 到下一根K线...
2026-04-21 02:27:46,065 [INFO] main: ── 第 82 轮 | 02:27:46 UTC ──
2026-04-21 02:27:46,391 [INFO] strategy: 信号: HOLD | 强度: 0.258 | 价格: 75744.5 | ATR: 182.4 | RSI=43.0(+0.40) | BB%=0.19(+0.60)
2026-04-21 02:27:46,488 [INFO] main: 等待 900s 到下一根K线...
2026-04-21 02:42:46,808 [INFO] main: ── 第 83 轮 | 02:42:46 UTC ──
2026-04-21 02:42:47,093 [INFO] strategy: 信号: HOLD | 强度: 0.234 | 价格: 75683.3 | ATR: 183.7 | BB%=0.13(+1.00)
2026-04-21 02:42:47,147 [INFO] main: 等待 900s 到下一根K线...
2026-04-21 02:57:47,453 [INFO] main: ── 第 84 轮 | 02:57:47 UTC ──
2026-04-21 02:57:47,751 [INFO] strategy: 信号: LONG | 强度: 0.319 | 价格: 75615.6 | ATR: 176.2 | RSI=38.8(+0.40) | BB%=0.10(+1.00)
2026-04-21 02:57:47,896 [INFO] trader: [margin_2x] 准备下单: buy 0.00093 BTC @ ~75615.6 | SL=75351.3 TP=77884.1 | 信号强度=0.319
2026-04-21 02:57:47,948 [INFO] okx_client: 杠杆买入: 0.00093 BTC -> 70.33 USDT
2026-04-21 02:57:48,003 [INFO] okx_client: 下单成功: buy 0.00093 BTC-USDT | ordId=3497642452787945472
2026-04-21 02:57:48,566 [INFO] risk_manager: 新仓位: margin_2x buy 0.00093 BTC @ 75620.0 | SL=75355.7 TP=77888.6
2026-04-21 02:57:48,625 [ERROR] okx_client: API 错误:  (code=1)
2026-04-21 02:57:48,627 [INFO] trader: [margin_2x] 止盈止损委托已挂出: SL=75355.7 TP=77888.6
2026-04-21 02:57:48,627 [INFO] main: 等待 900s 到下一根K线...
2026-04-21 03:12:48,867 [INFO] main: ── 第 85 轮 | 03:12:48 UTC ──
2026-04-21 03:12:49,043 [INFO] trader: [SYNC] 交易所 margin_2x 仓位已消失 (algo 触发), 按 75355.7 标记平仓
2026-04-21 03:12:49,044 [INFO] risk_manager: 平仓: margin_2x buy 0.00093 BTC @ 75355.7 | PnL=-0.2458 USDT | 当日PnL=-0.5050
2026-04-21 03:12:49,116 [INFO] strategy: 信号: HOLD | 强度: 0.186 | 价格: 75586.7 | ATR: 172.7 | BB%=0.11(+1.00)
2026-04-21 03:12:49,165 [INFO] main: 等待 900s 到下一根K线...
2026-04-21 03:21:51,749 [INFO] main: 收到终止信号，正在安全退出...
2026-04-21 03:21:52,320 [INFO] main: 程序已安全退出
2026-04-21 07:24:12,828 [INFO] main: >>> ⚠️  实盘模式启动 — 将进行真实交易 <<<
2026-04-21 07:24:12,831 [WARNING] main: 当前连接 OKX 真实环境！请确认资金充足！
2026-04-21 07:24:12,831 [INFO] trader: === 初始化交易环境 ===
2026-04-21 07:24:13,131 [INFO] trader: 账户模式设置: 
2026-04-21 07:24:13,686 [INFO] trader: 设置 margin_2x 杠杆 2x: 
2026-04-21 07:24:14,239 [INFO] trader: 设置 margin_3x 杠杆 3x: 
2026-04-21 07:24:14,288 [INFO] trader: USDT 可用余额: 26.15349701598523
2026-04-21 07:24:14,288 [INFO] trader: 资金基准已同步: $100.00 -> $26.15 (spot $10.46 | 2x $9.15 | 3x $6.54)
2026-04-21 07:24:14,347 [INFO] risk_manager: 新仓位: margin_3x buy 0.0012944043 BTC @ 75759.59268812225 | SL=74623.2 TP=77274.8
2026-04-21 07:24:14,347 [WARNING] trader: [RECOVER] 发现交易所已有 margin_3x 仓位: buy 0.0012944043 BTC @ 75759.59268812225, 已注册到本地
2026-04-21 07:24:14,347 [INFO] trader: === 初始化完成 ===
2026-04-21 07:24:14,347 [INFO] main: ── 第 1 轮 | 07:24:14 UTC ──
2026-04-21 07:24:14,582 [INFO] strategy: 信号: HOLD | 强度: 0.235 | 价格: 76120.0 | ATR: 153.8 | BB%=1.03(-1.00) | 量比=1.0
2026-04-21 07:24:14,640 [INFO] main: 等待 900s 到下一根K线...
2026-04-21 07:39:14,915 [INFO] main: ── 第 2 轮 | 07:39:14 UTC ──
2026-04-21 07:39:15,179 [INFO] strategy: 信号: SHORT | 强度: 0.362 | 价格: 76167.8 | ATR: 180.7 | RSI=64.1(-0.40) | BB%=0.98(-1.00) | 量比=1.9
2026-04-21 07:39:15,312 [INFO] trader: 趋势过滤: 价格在EMA50上方, 禁止做空
2026-04-21 07:39:15,312 [INFO] main: 等待 900s 到下一根K线...
